sep=;
Applied potential [V];WE current [A];WE current [A];WE current [A]
-0.50017;2.7159869999999998e-06;-3.21998e-07;-3.037986e-06
-0.499096;2.281989e-06;-2.51998e-07;-2.533988e-06
-0.498021;2.0299899999999998e-06;-2.09999e-07;-2.23999e-06
-0.49694699999999997;1.840991e-06;-1.8899899999999998e-07;-2.029991e-06
-0.495872;1.7429919999999999e-06;-1.46999e-07;-1.8899909999999999e-06
-0.49479799999999996;1.616992e-06;-1.3299899999999999e-07;-1.749992e-06
-0.493724;1.522493e-06;-1.1899899999999999e-07;-1.641492e-06
-0.492649;1.445493e-06;-1.08499e-07;-1.5539929999999999e-06
-0.491575;1.371993e-06;-1.04999e-07;-1.476993e-06
-0.4905;1.329994e-06;-8.049964e-08;-1.410493e-06
-0.48942599999999997;1.279244e-06;-7.174968000000001e-08;-1.350994e-06
-0.488351;1.228494e-06;-6.8249696e-08;-1.296744e-06
-0.48727699999999996;1.182119e-06;-6.387471600000001e-08;-1.245994e-06
-0.48620199999999997;1.142744e-06;-5.424976e-08;-1.196994e-06
-0.485128;1.097245e-06;-5.424976e-08;-1.151494e-06
-0.48405299999999996;1.066182e-06;-4.8124784000000006e-08;-1.114307e-06
-0.482979;1.033807e-06;-4.3749808e-08;-1.077557e-06
-0.481904;1.002745e-06;-3.9812324000000003e-08;-1.042557e-06
-0.48083;9.74526e-07;-3.5656092e-08;-1.010182e-06
-0.479755;9.46308e-07;-3.2156106e-08;-9.784639999999999e-07
-0.47868099999999997;9.19839e-07;-2.9093622e-08;-9.48933e-07
-0.477606;8.953389999999999e-07;-2.5593638e-08;-9.20933e-07
-0.47653199999999996;8.714959999999999e-07;-2.2968648000000002e-08;-8.94464e-07
-0.47545699999999996;8.49949e-07;-1.9468664000000003e-08;-8.69418e-07
-0.474383;8.279649999999999e-07;-1.6734301000000003e-08;-8.44699e-07
-0.47330799999999995;8.0773e-07;-1.4109313000000001e-08;-8.2184e-07
-0.472234;7.87934e-07;-1.1921822e-08;-7.99855e-07
-0.471159;7.69449e-07;-8.968710000000001e-09;-7.78418e-07
-0.470085;7.50965e-07;-6.78122e-09;-7.57746e-07
-0.46901;7.33465e-07;-4.593729e-09;-7.38059e-07
-0.46793599999999996;7.16621e-07;-2.734363e-09;-7.19356e-07
-0.466862;7.00762e-07;-4.37498e-10;-7.012e-07
-0.465787;6.84465e-07;1.2031190000000002e-09;-6.83262e-07
-0.464713;6.697e-07;3.171861e-09;-6.66528e-07
-0.463638;6.55481e-07;5.031227e-09;-6.5045e-07
-0.462564;6.41044e-07;6.562471000000001e-09;-6.34481e-07
-0.461489;6.283559999999999e-07;8.640586000000001e-09;-6.19715e-07
-0.46041499999999996;6.14903e-07;1.0062455e-08;-6.04841e-07
-0.45933999999999997;6.02434e-07;1.2140571000000002e-08;-5.90294e-07
-0.458266;5.90403e-07;1.3671815e-08;-5.76731e-07
-0.45719099999999996;5.78372e-07;1.5093683e-08;-5.63278e-07
-0.456117;5.67544e-07;1.6734301000000003e-08;-5.508099999999999e-07
-0.455042;5.5606e-07;1.8046794e-08;-5.38013e-07
-0.453968;5.45013e-07;1.914054e-08;-5.25872e-07
-0.452893;5.35278e-07;2.0890532e-08;-5.14388e-07
-0.45181899999999997;5.25216e-07;2.2203026000000002e-08;-5.03013e-07
-0.450744;5.153719999999999e-07;2.3515520000000003e-08;-4.91857e-07
-0.44966999999999996;5.05857e-07;2.4937388e-08;-4.80919e-07
-0.44859499999999997;4.97216e-07;2.6249884000000003e-08;-4.70966e-07
-0.447521;4.88357e-07;2.7453004000000002e-08;-4.60904e-07
-0.44644599999999995;4.794969999999999e-07;2.8437374000000002e-08;-4.5106e-07
-0.445372;4.71513e-07;2.9749868000000003e-08;-4.41763e-07
-0.444297;4.6243499999999997e-07;3.0187366e-08;-4.3224799999999997e-07
-0.443223;4.55326e-07;3.1827984e-08;-4.23498e-07
-0.442148;4.47341e-07;3.2593606e-08;-4.14748e-07
-0.44107399999999997;4.40451e-07;3.3796724e-08;-4.06654e-07
-0.439999;4.3290399999999997e-07;3.4781096e-08;-3.98123e-07
-0.43892499999999995;4.26123e-07;3.5874840000000004e-08;-3.90248e-07
-0.437851;4.18576e-07;3.6531088e-08;-3.82045e-07
-0.436776;4.12232e-07;3.7406084000000005e-08;-3.7482599999999997e-07
-0.435702;4.05888e-07;3.8390452e-08;-3.6749799999999997e-07
-0.434627;3.99654e-07;3.9265452000000006e-08;-3.60389e-07
-0.43355299999999997;3.93092e-07;3.99217e-08;-3.5317e-07
-0.432478;3.87513e-07;4.1015444e-08;-3.46498e-07
-0.43140399999999995;3.8117e-07;4.1124816e-08;-3.40045e-07
-0.43032899999999996;3.75592e-07;4.2109188000000004e-08;-3.33482e-07
-0.429255;3.70232e-07;4.2984184e-08;-3.27248e-07
-0.42818;3.64654e-07;4.3421684e-08;-3.21232e-07
-0.427106;3.5951399999999997e-07;4.4187304e-08;-3.15326e-07
-0.426031;3.54701e-07;4.4952928e-08;-3.09748e-07
-0.424957;3.5010699999999997e-07;4.5609172000000004e-08;-3.04498e-07
-0.423882;3.44857e-07;4.6265420000000006e-08;-2.98592e-07
-0.42280799999999996;3.40154e-07;4.6702920000000006e-08;-2.93451e-07
-0.42173299999999997;3.36107e-07;4.7687288e-08;-2.8842e-07
-0.420659;3.3173199999999997e-07;4.8234160000000005e-08;-2.83498e-07
-0.41958399999999996;3.27467e-07;4.8781032e-08;-2.78686e-07
-0.41851;3.23201e-07;4.9437284000000006e-08;-2.73764e-07
-0.417435;3.19373e-07;4.9984152e-08;-2.69389e-07
-0.416361;3.15436e-07;5.0421652e-08;-2.65014e-07
-0.415286;3.11608e-07;5.0968524000000005e-08;-2.60639e-07
-0.41421199999999997;3.07779e-07;5.1515396e-08;-2.56264e-07
-0.413137;3.04279e-07;5.2062268000000006e-08;-2.52217e-07
-0.41206299999999996;3.00123e-07;5.239039200000001e-08;-2.47733e-07
-0.410989;2.97279e-07;5.3265388000000005e-08;-2.44014e-07
-0.409914;2.93233e-07;5.315601200000001e-08;-2.40077e-07
-0.40884;2.89842e-07;5.3593512000000007e-08;-2.3624799999999999e-07
-0.407765;2.86779e-07;5.4031012000000006e-08;-2.32748e-07
-0.40669099999999997;2.83826e-07;5.4577884000000003e-08;-2.29248e-07
-0.405616;2.80217e-07;5.4796632000000006e-08;-2.2542e-07
-0.40454199999999996;2.77045e-07;5.5124752000000006e-08;-2.2192e-07
-0.40346699999999996;2.7442e-07;5.545288e-08;-2.18967e-07
-0.402393;2.72123e-07;5.62185e-08;-2.15905e-07
-0.401318;2.68733e-07;5.62185e-08;-2.12514e-07
-0.400244;2.6566999999999997e-07;5.6437252000000005e-08;-2.09233e-07
-0.399169;2.63373e-07;5.6874748000000004e-08;-2.06499e-07
-0.398095;2.6053e-07;5.7312244e-08;-2.0321699999999999e-07
-0.39702;2.5834199999999997e-07;5.742162000000001e-08;-2.0092e-07
-0.39594599999999996;2.55498e-07;5.7640368000000003e-08;-1.97858e-07
-0.39487099999999997;2.5353e-07;5.7968492000000005e-08;-1.9556099999999999e-07
-0.393797;2.51123e-07;5.8296616000000006e-08;-1.9282699999999998e-07
-0.39272199999999996;2.48717e-07;5.8405992000000004e-08;-1.90311e-07
-0.391648;2.4642e-07;5.8734116000000006e-08;-1.87686e-07
-0.390573;2.44998e-07;5.9171612000000004e-08;-1.85827e-07
-0.389499;2.42483e-07;5.9280988e-08;-1.83202e-07
-0.388424;2.4062299999999997e-07;5.9499736000000005e-08;-1.81124e-07
-0.38734999999999997;2.38436e-07;5.9827856e-08;-1.78608e-07
-0.386275;2.36795e-07;6.0046612e-08;-1.76749e-07
-0.38520099999999996;2.34827e-07;6.026536e-08;-1.74561e-07
-0.38412599999999997;2.32967e-07;6.0374732e-08;-1.72592e-07
-0.383052;2.31545e-07;6.059348e-08;-1.70952e-07
-0.38197699999999996;2.29248e-07;6.081222800000001e-08;-1.68436e-07
-0.380903;2.2793599999999998e-07;6.1249732e-08;-1.66686e-07
-0.37982899999999997;2.26295e-07;6.135910400000001e-08;-1.64936e-07
-0.378754;2.2443599999999999e-07;6.135910400000001e-08;-1.63077e-07
-0.37767999999999996;2.23124e-07;6.1577852e-08;-1.61546e-07
-0.37660499999999997;2.21483e-07;6.17966e-08;-1.59686e-07
-0.375531;2.1995199999999998e-07;6.201534800000001e-08;-1.57936e-07
-0.37445599999999996;2.1852999999999999e-07;6.212472e-08;-1.56405e-07
-0.373382;2.17217e-07;6.2452852e-08;-1.54764e-07
-0.372307;2.15577e-07;6.267159600000001e-08;-1.52905e-07
-0.371233;2.13608e-07;6.2234096e-08;-1.51374e-07
-0.370158;2.12514e-07;6.2562224e-08;-1.49952e-07
-0.36908399999999997;2.11092e-07;6.2562224e-08;-1.4853e-07
-0.368009;2.09889e-07;6.267159600000001e-08;-1.47218e-07
-0.36693499999999996;2.0879499999999998e-07;6.2890344e-08;-1.45905e-07
-0.36585999999999996;2.07483e-07;6.3109092e-08;-1.44374e-07
-0.364786;2.06061e-07;6.267159600000001e-08;-1.43389e-07
-0.363711;2.05186e-07;6.321846800000001e-08;-1.41968e-07
-0.362637;2.03655e-07;6.321846800000001e-08;-1.40436e-07
-0.361562;2.0278e-07;6.343722e-08;-1.39343e-07
-0.360488;2.01795e-07;6.343722e-08;-1.38358e-07
-0.359413;2.00592e-07;6.354659600000001e-08;-1.37046e-07
-0.35833899999999996;1.99499e-07;6.343722e-08;-1.36061e-07
-0.35726399999999997;1.98842e-07;6.3765344e-08;-1.3507699999999999e-07
-0.35619;1.97639e-07;6.354659600000001e-08;-1.34093e-07
-0.35511499999999996;1.96874e-07;6.387471600000001e-08;-1.3299899999999999e-07
-0.354041;1.96108e-07;6.3984092e-08;-1.32124e-07
-0.352967;1.95014e-07;6.387471600000001e-08;-1.3114e-07
-0.351892;1.94249e-07;6.4093464e-08;-1.30155e-07
-0.35081799999999996;1.93592e-07;6.420284000000001e-08;-1.2939e-07
-0.34974299999999997;1.9228e-07;6.3984092e-08;-1.28296e-07
-0.348669;1.91733e-07;6.442158800000001e-08;-1.27311e-07
-0.34759399999999996;1.90639e-07;6.420284000000001e-08;-1.26436e-07
-0.34652;1.89874e-07;6.4312212e-08;-1.25561e-07
-0.345445;1.8932699999999999e-07;6.442158800000001e-08;-1.24905e-07
-0.344371;1.88889e-07;6.464034e-08;-1.24249e-07
-0.343296;1.87796e-07;6.442158800000001e-08;-1.23374e-07
-0.34222199999999997;1.8703e-07;6.464034e-08;-1.2239e-07
-0.341147;1.86702e-07;6.464034e-08;-1.22061e-07
-0.34007299999999996;1.85389e-07;6.464034e-08;-1.20749e-07
-0.33899799999999997;1.84733e-07;6.464034e-08;-1.20093e-07
-0.337924;1.84296e-07;6.474971600000001e-08;-1.19546e-07
-0.336849;1.8342099999999999e-07;6.474971600000001e-08;-1.1867099999999999e-07
-0.335775;1.82764e-07;6.464034e-08;-1.1812399999999999e-07
-0.3347;1.82108e-07;6.474971600000001e-08;-1.17358e-07
-0.333626;1.8178e-07;6.4859088e-08;-1.1692099999999999e-07
-0.332551;1.80905e-07;6.474971600000001e-08;-1.16155e-07
-0.33147699999999997;1.80358e-07;6.4968464e-08;-1.1539e-07
-0.330402;1.79921e-07;6.4859088e-08;-1.15061e-07
-0.329328;1.79155e-07;6.4968464e-08;-1.14186e-07
-0.32825299999999996;1.78499e-07;6.4968464e-08;-1.1353e-07
-0.327179;1.7784199999999999e-07;6.4859088e-08;-1.12983e-07
-0.326104;1.77624e-07;6.4859088e-08;-1.12765e-07
-0.32503;1.76639e-07;6.4859088e-08;-1.1178e-07
-0.32395599999999997;1.76749e-07;6.4968464e-08;-1.1178e-07
-0.322881;1.75983e-07;6.507783600000001e-08;-1.10905e-07
-0.321807;1.7576399999999998e-07;6.4968464e-08;-1.10796e-07
-0.32073199999999996;1.75108e-07;6.4968464e-08;-1.1013999999999999e-07
-0.319658;1.74889e-07;6.5187212e-08;-1.09702e-07
-0.318583;1.74561e-07;6.5296584e-08;-1.0926499999999999e-07
-0.317509;1.74233e-07;6.5624704e-08;-1.08608e-07
-0.316434;1.7401399999999999e-07;6.5515332e-08;-1.08499e-07
-0.31536;1.73577e-07;6.5734088e-08;-1.07843e-07
-0.314285;1.73358e-07;6.5734088e-08;-1.07624e-07
-0.31321099999999996;1.72921e-07;6.584346e-08;-1.07077e-07
-0.31213599999999997;1.72811e-07;6.595283600000001e-08;-1.06858e-07
-0.311062;1.72592e-07;6.6171584e-08;-1.06421e-07
-0.309987;1.72374e-07;6.6390328e-08;-1.05983e-07
-0.308913;1.72374e-07;6.660907600000001e-08;-1.05765e-07
-0.307838;1.7226399999999999e-07;6.660907600000001e-08;-1.05655e-07
-0.306764;1.71827e-07;6.6718452e-08;-1.05108e-07
-0.305689;1.72046e-07;6.7265328e-08;-1.0478e-07
-0.30461499999999997;1.7160799999999998e-07;6.7265328e-08;-1.04343e-07
-0.30354;1.7193599999999999e-07;6.7593448e-08;-1.04343e-07
-0.302466;1.71389e-07;6.781220000000001e-08;-1.03577e-07
-0.30139099999999996;1.71499e-07;6.803095200000001e-08;-1.03468e-07
-0.300317;1.71499e-07;6.8359072e-08;-1.0314e-07
-0.299242;1.7160799999999998e-07;6.879656800000001e-08;-1.02812e-07
-0.298168;1.71827e-07;6.9015312e-08;-1.02812e-07
-0.29709399999999997;1.71717e-07;6.9452816e-08;-1.02265e-07
-0.296019;1.7193599999999999e-07;6.9780936e-08;-1.02155e-07
-0.294945;1.72155e-07;7.0327816e-08;-1.01827e-07
-0.29386999999999996;1.72702e-07;7.087468800000001e-08;-1.01827e-07
-0.292796;1.72702e-07;7.1093432e-08;-1.0160799999999999e-07
-0.291721;1.73467e-07;7.1968432e-08;-1.01499e-07
-0.290647;1.73577e-07;7.2296552e-08;-1.0128e-07
-0.289572;1.74452e-07;7.3171552e-08;-1.0128e-07
-0.288498;1.75327e-07;7.382780000000001e-08;-1.01499e-07
-0.287423;1.75983e-07;7.459341600000001e-08;-1.0139e-07
-0.28634899999999996;1.76967e-07;7.5577792e-08;-1.0139e-07
-0.28527399999999997;1.7751399999999998e-07;7.623404e-08;-1.0128e-07
-0.2842;1.78171e-07;7.7109032e-08;-1.01062e-07
-0.28312499999999996;1.79264e-07;7.7984024e-08;-1.0128e-07
-0.282051;1.80577e-07;7.929652e-08;-1.0128e-07
-0.280976;1.81561e-07;8.028088800000001e-08;-1.0128e-07
-0.279902;1.82436e-07;8.1155888e-08;-1.0128e-07
-0.278827;1.83858e-07;8.2359008e-08;-1.01499e-07
-0.27775299999999997;1.8549899999999999e-07;8.378087200000001e-08;-1.01718e-07
-0.276678;1.87139e-07;8.5093368e-08;-1.02046e-07
-0.27560399999999996;1.88342e-07;8.6296496e-08;-1.02046e-07
-0.27452899999999997;1.90202e-07;8.7827736e-08;-1.02374e-07
-0.273455;1.91952e-07;8.924960000000001e-08;-1.02702e-07
-0.27238;1.93811e-07;9.0780848e-08;-1.0303e-07
-0.271306;1.9556099999999999e-07;9.2093344e-08;-1.03468e-07
-0.270231;1.98077e-07;9.406208000000001e-08;-1.04015e-07
-0.269157;2.00155e-07;9.5702704e-08;-1.04452e-07
-0.26808299999999996;2.02233e-07;9.734332000000001e-08;-1.0489e-07
-0.26700799999999997;2.0463899999999998e-07;9.920268800000001e-08;-1.0543699999999999e-07
-0.265934;2.0704499999999999e-07;1.00843e-07;-1.06202e-07
-0.264859;2.09452e-07;1.02593e-07;-1.06858e-07
-0.263785;2.11967e-07;1.04452e-07;-1.07515e-07
-0.26271;2.1492e-07;1.0653e-07;-1.0838999999999999e-07
-0.261636;2.17655e-07;1.0838999999999999e-07;-1.0926499999999999e-07
-0.260561;2.20717e-07;1.10577e-07;-1.1013999999999999e-07
-0.25948699999999997;2.23561e-07;1.12436e-07;-1.11124e-07
-0.258412;2.26952e-07;1.14515e-07;-1.12436e-07
-0.257338;2.30123e-07;1.16374e-07;-1.13749e-07
-0.25626299999999996;2.3351399999999998e-07;1.18343e-07;-1.1517099999999999e-07
-0.255189;2.3734199999999998e-07;1.2053e-07;-1.16811e-07
-0.254114;2.4117e-07;1.22827e-07;-1.18343e-07
-0.25304;2.4478e-07;1.24796e-07;-1.19983e-07
-0.251965;2.48936e-07;1.2709299999999999e-07;-1.21843e-07
-0.250891;2.52983e-07;1.2917099999999999e-07;-1.23811e-07
-0.24981599999999998;2.5703e-07;1.31358e-07;-1.25671e-07
-0.248742;2.61295e-07;1.33436e-07;-1.27858e-07
-0.247667;2.65342e-07;1.35515e-07;-1.29827e-07
-0.24659299999999998;2.69717e-07;1.37483e-07;-1.32233e-07
-0.245518;2.7442e-07;1.3978e-07;-1.3464e-07
-0.244444;2.78686e-07;1.41311e-07;-1.37374e-07
-0.243369;2.8317e-07;1.43389e-07;-1.3978e-07
-0.24229499999999998;2.87654e-07;1.45139e-07;-1.42514e-07
-0.24122;2.92029e-07;1.46671e-07;-1.45358e-07
-0.240146;2.96623e-07;1.48421e-07;-1.48202e-07
-0.23907199999999998;3.01545e-07;1.50171e-07;-1.51374e-07
-0.237997;3.0592e-07;1.51483e-07;-1.54436e-07
-0.236923;3.10404e-07;1.52796e-07;-1.57608e-07
-0.235848;3.15326e-07;1.54327e-07;-1.60999e-07
-0.23477399999999998;3.1991999999999997e-07;1.5553e-07;-1.64389e-07
-0.233699;3.24295e-07;1.56514e-07;-1.6777999999999998e-07
-0.232625;3.28779e-07;1.57499e-07;-1.7128e-07
-0.23154999999999998;3.33154e-07;1.5837399999999999e-07;-1.7478e-07
-0.230476;3.37748e-07;1.59358e-07;-1.78389e-07
-0.229401;3.41685e-07;1.5979599999999998e-07;-1.81889e-07
-0.228327;3.4617e-07;1.60343e-07;-1.85827e-07
-0.22725199999999998;3.50326e-07;1.6078e-07;-1.89546e-07
-0.226178;3.54373e-07;1.61108e-07;-1.93264e-07
-0.225103;3.5842e-07;1.61327e-07;-1.97092e-07
-0.22402899999999998;3.62685e-07;1.61546e-07;-2.0113899999999999e-07
-0.22295399999999999;3.66623e-07;1.61655e-07;-2.0496699999999999e-07
-0.22188;3.7034199999999997e-07;1.61436e-07;-2.08905e-07
-0.220805;3.74388e-07;1.61327e-07;-2.13061e-07
-0.21973099999999998;3.78435e-07;1.61546e-07;-2.16889e-07
-0.218656;3.81717e-07;1.61108e-07;-2.2060799999999999e-07
-0.217582;3.85217e-07;1.60999e-07;-2.24217e-07
-0.21650699999999998;3.8871699999999997e-07;1.60671e-07;-2.28045e-07
-0.21543299999999999;3.9167e-07;1.60233e-07;-2.31436e-07
-0.214358;3.94623e-07;1.5979599999999998e-07;-2.34827e-07
-0.213284;3.97248e-07;1.59139e-07;-2.38108e-07
-0.21220999999999998;3.9954499999999997e-07;1.5837399999999999e-07;-2.4117e-07
-0.211135;4.0206e-07;1.57718e-07;-2.44342e-07
-0.210061;4.04138e-07;1.57061e-07;-2.47077e-07
-0.20898599999999998;4.06107e-07;1.56077e-07;-2.5002999999999997e-07
-0.20791199999999999;4.07748e-07;1.55202e-07;-2.52545e-07
-0.206837;4.0917e-07;1.5421799999999999e-07;-2.54952e-07
-0.205763;4.10263e-07;1.53014e-07;-2.57248e-07
-0.20468799999999998;4.1135699999999997e-07;1.5203e-07;-2.59326e-07
-0.203614;4.11904e-07;1.50827e-07;-2.61076e-07
-0.202539;4.1234099999999997e-07;1.49624e-07;-2.62717e-07
-0.20146499999999998;4.1267e-07;1.48421e-07;-2.64248e-07
-0.20038999999999998;4.12888e-07;1.47218e-07;-2.6566999999999997e-07
-0.199316;4.1256e-07;1.46014e-07;-2.66545e-07
-0.198241;4.1234099999999997e-07;1.44593e-07;-2.67748e-07
-0.19716699999999998;4.11466e-07;1.43171e-07;-2.68295e-07
-0.196092;4.1070099999999997e-07;1.41749e-07;-2.68951e-07
-0.195018;4.09716e-07;1.40327e-07;-2.69389e-07
-0.193943;4.0851299999999997e-07;1.3890499999999999e-07;-2.69608e-07
-0.19286899999999998;4.0687299999999997e-07;1.37483e-07;-2.69389e-07
-0.191794;4.05123e-07;1.35952e-07;-2.6917e-07
-0.19072;4.03154e-07;1.34421e-07;-2.68733e-07
-0.18964499999999998;4.01295e-07;1.3299899999999999e-07;-2.68295e-07
-0.188571;3.99216e-07;1.31468e-07;-2.67748e-07
-0.187496;3.97029e-07;1.29936e-07;-2.67092e-07
-0.186422;3.94513e-07;1.28515e-07;-2.6599799999999997e-07
-0.18534699999999998;3.92107e-07;1.2709299999999999e-07;-2.65014e-07
-0.184273;3.8948199999999997e-07;1.2578e-07;-2.63701e-07
-0.183199;3.86857e-07;1.24468e-07;-2.62389e-07
-0.18212399999999998;3.83685e-07;1.23046e-07;-2.60639e-07
-0.18105;3.80623e-07;1.21733e-07;-2.58889e-07
-0.179975;3.77232e-07;1.20311e-07;-2.5692e-07
-0.178901;3.7384199999999997e-07;1.1899899999999999e-07;-2.5484199999999997e-07
-0.17782599999999998;3.70123e-07;1.17577e-07;-2.52545e-07
-0.176752;3.66513e-07;1.16265e-07;-2.50248e-07
-0.175677;3.62685e-07;1.14952e-07;-2.47733e-07
-0.17460299999999998;3.58857e-07;1.1364e-07;-2.45217e-07
-0.173528;3.55029e-07;1.12436e-07;-2.42592e-07
-0.172454;3.51092e-07;1.11124e-07;-2.39967e-07
-0.171379;3.46935e-07;1.09812e-07;-2.37123e-07
-0.17030499999999998;3.4267e-07;1.08499e-07;-2.3416999999999999e-07
-0.16923;3.38404e-07;1.07296e-07;-2.31108e-07
-0.168156;3.3392e-07;1.05983e-07;-2.2793599999999998e-07
-0.16708099999999998;3.29764e-07;1.0478e-07;-2.24983e-07
-0.166007;3.25279e-07;1.03577e-07;-2.2170199999999998e-07
-0.164932;3.21123e-07;1.02374e-07;-2.18749e-07
-0.163858;3.1641999999999997e-07;1.01171e-07;-2.15249e-07
-0.16278299999999998;3.12045e-07;9.9968304e-08;-2.12077e-07
-0.161709;3.07451e-07;9.887456800000001e-08;-2.08577e-07
-0.160634;3.03186e-07;9.7780816e-08;-2.05405e-07
-0.15955999999999998;2.98592e-07;9.6577696e-08;-2.02014e-07
-0.158485;2.94326e-07;9.5702704e-08;-1.98624e-07
-0.157411;2.90061e-07;9.4499584e-08;-1.9556099999999999e-07
-0.156336;2.85358e-07;9.3296464e-08;-1.92061e-07
-0.15526199999999998;2.81092e-07;9.2312088e-08;-1.8878e-07
-0.154188;2.76826e-07;9.121834400000001e-08;-1.85608e-07
-0.153113;2.72561e-07;9.012460000000001e-08;-1.82436e-07
-0.15203899999999998;2.68405e-07;8.914023200000001e-08;-1.79264e-07
-0.150964;2.64795e-07;8.8374608e-08;-1.76421e-07
-0.14989;2.60748e-07;8.739023200000001e-08;-1.73358e-07
-0.148815;2.5692e-07;8.651524e-08;-1.70405e-07
-0.14774099999999998;2.52983e-07;8.5640248e-08;-1.67343e-07
-0.146666;2.49373e-07;8.487462400000001e-08;-1.64499e-07
-0.145592;2.45655e-07;8.4109008e-08;-1.61546e-07
-0.144517;2.42045e-07;8.334338400000001e-08;-1.58702e-07
-0.143443;2.38436e-07;8.246838400000001e-08;-1.5596799999999998e-07
-0.142368;2.35264e-07;8.181213600000001e-08;-1.53452e-07
-0.141294;2.3176399999999998e-07;8.1046512e-08;-1.50718e-07
-0.14021899999999998;2.28373e-07;8.039026400000001e-08;-1.47983e-07
-0.139145;2.25092e-07;7.9515272e-08;-1.45577e-07
-0.13807;2.2235799999999999e-07;7.907777600000001e-08;-1.4328e-07
-0.136996;2.19077e-07;7.8312152e-08;-1.40764e-07
-0.135921;2.1612399999999998e-07;7.7655904e-08;-1.38468e-07
-0.134847;2.13499e-07;7.7109032e-08;-1.3639e-07
-0.133772;2.1054499999999998e-07;7.634341600000001e-08;-1.34202e-07
-0.13269799999999998;2.08139e-07;7.601528800000001e-08;-1.32124e-07
-0.131623;2.05405e-07;7.5249664e-08;-1.30155e-07
-0.130549;2.02999e-07;7.481216800000001e-08;-1.28186e-07
-0.129474;2.00374e-07;7.415592000000001e-08;-1.26218e-07
-0.1284;1.98296e-07;7.3718424e-08;-1.24577e-07
-0.127326;1.96108e-07;7.328092000000001e-08;-1.22827e-07
-0.126251;1.93921e-07;7.2843432e-08;-1.21077e-07
-0.12517699999999998;1.91733e-07;7.2187176e-08;-1.19546e-07
-0.12410199999999999;1.89764e-07;7.1859056e-08;-1.17905e-07
-0.123028;1.87905e-07;7.1421552e-08;-1.16483e-07
-0.12195299999999999;1.86155e-07;7.0984056e-08;-1.1517099999999999e-07
-0.120879;1.84624e-07;7.0765312e-08;-1.13858e-07
-0.119804;1.83092e-07;7.0437192e-08;-1.12655e-07
-0.11872999999999999;1.8134199999999998e-07;6.999968800000001e-08;-1.1134299999999999e-07
-0.117655;1.8003e-07;6.967156800000001e-08;-1.10358e-07
-0.11658099999999999;1.78827e-07;6.9452816e-08;-1.09374e-07
-0.115506;1.7751399999999998e-07;6.9234072e-08;-1.0828e-07
-0.11443199999999999;1.76421e-07;6.912468800000001e-08;-1.07296e-07
-0.113357;1.7543599999999998e-07;6.8905944e-08;-1.0653e-07
-0.112283;1.74233e-07;6.8687192e-08;-1.05546e-07
-0.111208;1.73249e-07;6.846844800000001e-08;-1.0478e-07
-0.110134;1.7226399999999999e-07;6.8359072e-08;-1.03905e-07
-0.10905899999999999;1.71389e-07;6.8249696e-08;-1.0314e-07
-0.107985;1.70624e-07;6.8140328e-08;-1.0248299999999999e-07
-0.10690999999999999;1.69968e-07;6.803095200000001e-08;-1.01937e-07
-0.105836;1.69311e-07;6.803095200000001e-08;-1.0128e-07
-0.10476099999999999;1.68436e-07;6.7921568e-08;-1.00515e-07
-0.103687;1.67999e-07;6.7921568e-08;-1.00077e-07
-0.102612;1.67452e-07;6.781220000000001e-08;-9.9640184e-08
-0.10153799999999999;1.66905e-07;6.781220000000001e-08;-9.9093312e-08
-0.100463;1.66468e-07;6.781220000000001e-08;-9.865580800000001e-08
-0.099389504;1.66139e-07;6.7921568e-08;-9.8218312e-08
-0.098315016;1.65593e-07;6.7921568e-08;-9.767144000000001e-08
-0.097240536;1.65155e-07;6.781220000000001e-08;-9.734332000000001e-08
-0.096166048;1.64827e-07;6.781220000000001e-08;-9.701519200000001e-08
-0.09509157600000001;1.64827e-07;6.803095200000001e-08;-9.679644800000001e-08
-0.09401709600000001;1.64499e-07;6.803095200000001e-08;-9.646832000000001e-08
-0.09294260800000001;1.6427999999999999e-07;6.8140328e-08;-9.614020000000001e-08
-0.091868136;1.6395199999999998e-07;6.8140328e-08;-9.581207200000001e-08
-0.090793648;1.63843e-07;6.8249696e-08;-9.559332800000001e-08
-0.089719168;1.63733e-07;6.8359072e-08;-9.5374576e-08
-0.088644688;1.63843e-07;6.8577824e-08;-9.526520000000001e-08
-0.08757020800000001;1.63843e-07;6.879656800000001e-08;-9.504644800000001e-08
-0.08649572800000001;1.63624e-07;6.8687192e-08;-9.493708000000001e-08
-0.08542124000000001;1.6395199999999998e-07;6.8905944e-08;-9.504644800000001e-08
-0.08434676;1.63843e-07;6.9015312e-08;-9.4827704e-08
-0.08327228;1.64061e-07;6.9234072e-08;-9.4827704e-08
-0.0821978;1.64171e-07;6.934344800000001e-08;-9.4827704e-08
-0.08112332;1.64608e-07;6.9780936e-08;-9.4827704e-08
-0.08004884000000001;1.64718e-07;6.999968800000001e-08;-9.471832800000001e-08
-0.07897436000000001;1.65046e-07;7.0218432e-08;-9.4827704e-08
-0.07789987200000001;1.65483e-07;7.054656000000001e-08;-9.493708000000001e-08
-0.076825392;1.65593e-07;7.0765312e-08;-9.4827704e-08
-0.07575092;1.66139e-07;7.120280800000001e-08;-9.493708000000001e-08
-0.074676432;1.66249e-07;7.1312184e-08;-9.493708000000001e-08
-0.073601952;1.66905e-07;7.1859056e-08;-9.504644800000001e-08
-0.07252747200000001;1.67343e-07;7.207780800000001e-08;-9.526520000000001e-08
-0.071452992;1.67671e-07;7.240592800000001e-08;-9.526520000000001e-08
-0.070378512;1.6810799999999999e-07;7.2734056e-08;-9.5374576e-08
-0.069304024;1.68655e-07;7.3062176e-08;-9.559332800000001e-08
-0.068229552;1.69092e-07;7.3499672e-08;-9.559332800000001e-08
-0.067155064;1.69639e-07;7.393717600000001e-08;-9.5702704e-08
-0.066080584;1.70077e-07;7.415592000000001e-08;-9.592144800000001e-08
-0.065006108;1.70842e-07;7.4702792e-08;-9.614020000000001e-08
-0.06393162000000001;1.7128e-07;7.503092e-08;-9.624956800000001e-08
-0.062857144;1.7193599999999999e-07;7.546841600000001e-08;-9.646832000000001e-08
-0.06178266;1.72483e-07;7.5905912e-08;-9.6577696e-08
-0.06070818;1.7303e-07;7.623404e-08;-9.679644800000001e-08
-0.059633700000000005;1.73796e-07;7.6780904e-08;-9.701519200000001e-08
-0.058559216000000004;1.74342e-07;7.721840800000001e-08;-9.712456800000001e-08
-0.057484736;1.75108e-07;7.7655904e-08;-9.745268800000001e-08
-0.056410256000000006;1.75874e-07;7.820277600000001e-08;-9.767144000000001e-08
-0.055335776;1.7653e-07;7.864028e-08;-9.789019200000001e-08
-0.054261292;1.77186e-07;7.907777600000001e-08;-9.8108944e-08
-0.053186812;1.77952e-07;7.962464800000001e-08;-9.832768800000001e-08
-0.052112328000000006;1.78936e-07;8.017152e-08;-9.8765184e-08
-0.051037852;1.79702e-07;8.0718392e-08;-9.898393600000001e-08
-0.049963368;1.80686e-07;8.126526400000001e-08;-9.9421432e-08
-0.048888888000000005;1.81561e-07;8.181213600000001e-08;-9.9749552e-08
-0.047814408;1.82436e-07;8.246838400000001e-08;-9.9968304e-08
-0.046739924;1.83639e-07;8.301525600000001e-08;-1.00624e-07
-0.045665448000000004;1.84405e-07;8.367150400000001e-08;-1.0073299999999999e-07
-0.044590964000000004;1.8549899999999999e-07;8.432775200000001e-08;-1.01171e-07
-0.043516484;1.86483e-07;8.498399200000001e-08;-1.01499e-07
-0.042442;1.87796e-07;8.574961600000001e-08;-1.02046e-07
-0.041367520000000005;1.88671e-07;8.640587200000001e-08;-1.02265e-07
-0.040293036000000004;1.90092e-07;8.7171488e-08;-1.02921e-07
-0.03921856;1.91186e-07;8.793711200000001e-08;-1.03249e-07
-0.038144080000000004;1.9228e-07;8.859336000000001e-08;-1.03687e-07
-0.037069596;1.93592e-07;8.946835200000001e-08;-1.04124e-07
-0.035995116;1.94467e-07;9.001522400000001e-08;-1.04452e-07
-0.034920632;1.95889e-07;9.089022400000001e-08;-1.04999e-07
-0.033846156;1.97092e-07;9.1765216e-08;-1.05327e-07
-0.032771674;1.98514e-07;9.253084000000001e-08;-1.05983e-07
-0.031697192;1.99717e-07;9.3296464e-08;-1.06421e-07
-0.03062271;2.01249e-07;9.428083200000001e-08;-1.06968e-07
-0.02954823;2.02452e-07;9.504644800000001e-08;-1.07405e-07
-0.028473748;2.03874e-07;9.592144800000001e-08;-1.07952e-07
-0.027399266000000002;2.05186e-07;9.679644800000001e-08;-1.0838999999999999e-07
-0.026324786000000003;2.0671699999999998e-07;9.7780816e-08;-1.0893699999999999e-07
-0.025250304;2.08358e-07;9.8765184e-08;-1.09593e-07
-0.024175824000000002;2.0967e-07;9.9640184e-08;-1.1003e-07
-0.023101342;2.11202e-07;1.00624e-07;-1.10577e-07
-0.022026862;2.12733e-07;1.0160799999999999e-07;-1.11124e-07
-0.020952382000000002;2.14483e-07;1.02702e-07;-1.1178e-07
-0.0198779;2.16014e-07;1.03687e-07;-1.12327e-07
-0.018803418000000002;2.17655e-07;1.04671e-07;-1.12983e-07
-0.017728938;2.19405e-07;1.05765e-07;-1.1364e-07
-0.016654456;2.21045e-07;1.06749e-07;-1.1429599999999999e-07
-0.015579975000000001;2.23014e-07;1.07952e-07;-1.15061e-07
-0.014505494;2.24983e-07;1.09155e-07;-1.15827e-07
-0.013431014000000002;2.26952e-07;1.10358e-07;-1.16593e-07
-0.012356532;2.2903e-07;1.11671e-07;-1.17358e-07
-0.011282051000000001;2.30889e-07;1.12765e-07;-1.1812399999999999e-07
-0.010207570000000001;2.33077e-07;1.14186e-07;-1.1889e-07
-0.009133089;2.35155e-07;1.15499e-07;-1.19655e-07
-0.008058607;2.3734199999999998e-07;1.1692099999999999e-07;-1.20421e-07
-0.0069841270000000006;2.39639e-07;1.18343e-07;-1.21296e-07
-0.005909646;2.41827e-07;1.19765e-07;-1.22061e-07
-0.004835164;2.44123e-07;1.21296e-07;-1.22827e-07
-0.0037606830000000003;2.4642e-07;1.22608e-07;-1.23811e-07
-0.0026862020000000004;2.48717e-07;1.2414e-07;-1.24577e-07
-0.0016117210000000002;2.51014e-07;1.25561e-07;-1.25452e-07
-0.00053724;2.5342e-07;1.2709299999999999e-07;-1.26327e-07
Applied potential [V];WE current [A];WE current [A];WE current [A]
-0.50017;3.20139e-07;-1.7332569999999999e-06;-2.053397e-06
-0.499096;2.510801e-06;-1.324744e-06;-3.835545e-06
-0.498021;4.124731e-06;-1.01237e-06;-5.137102e-06
-0.49694699999999997;3.458859e-06;-1.0001199999999999e-06;-4.45898e-06
-0.495872;3.27511e-06;-8.22496e-07;-4.097606e-06
-0.49479799999999996;3.037986e-06;-6.54497e-07;-3.692483e-06
-0.493724;2.946986e-06;-4.66372e-07;-3.4133589999999997e-06
-0.492649;2.927737e-06;-2.72123e-07;-3.19986e-06
-0.491575;2.911111e-06;-1.07624e-07;-3.018736e-06
-0.4905;2.879612e-06;8.749961000000001e-09;-2.870862e-06
-0.48942599999999997;2.8874869999999997e-06;1.28624e-07;-2.7588619999999998e-06
-0.488351;2.6105509999999997e-06;5.5999752000000005e-08;-2.5545509999999998e-06
-0.48727699999999996;2.5982999999999998e-06;1.30811e-07;-2.4674879999999998e-06
-0.48620199999999997;2.574676e-06;1.84624e-07;-2.390051e-06
-0.485128;2.57555e-06;2.32748e-07;-2.342801e-06
-0.48405299999999996;2.519988e-06;2.68186e-07;-2.251802e-06
-0.482979;2.491113e-06;2.97498e-07;-2.193615e-06
-0.481904;2.491988e-06;3.3381099999999997e-07;-2.1581779999999998e-06
-0.48083;2.435551e-06;3.4212299999999997e-07;-2.093428e-06
-0.479755;2.417614e-06;3.7056e-07;-2.047053e-06
-0.47868099999999997;2.382614e-06;3.78873e-07;-2.00374e-06
-0.477606;2.372114e-06;4.02935e-07;-1.969178e-06
-0.47653199999999996;2.362489e-06;4.2306e-07;-1.939428e-06
-0.47545699999999996;2.331864e-06;4.26998e-07;-1.9048659999999999e-06
-0.474383;2.303427e-06;4.29185e-07;-1.874241e-06
-0.47330799999999995;2.305614e-06;4.39685e-07;-1.865929e-06
-0.472234;2.316114e-06;4.4755999999999997e-07;-1.868554e-06
-0.471159;2.305177e-06;4.45373e-07;-1.8598039999999999e-06
-0.470085;2.321802e-06;4.5893499999999997e-07;-1.8628659999999999e-06
-0.46901;2.326177e-06;4.67685e-07;-1.858491e-06
-0.46793599999999996;2.258364e-06;4.6856e-07;-1.789804e-06
-0.466862;2.134552e-06;4.4887199999999997e-07;-1.685679e-06
-0.465787;1.919303e-06;3.95935e-07;-1.523368e-06
-0.464713;1.884741e-06;3.39498e-07;-1.545243e-06
-0.463638;1.9118659999999998e-06;2.83936e-07;-1.6279299999999999e-06
-0.462564;2.012928e-06;3.3731099999999997e-07;-1.675617e-06
-0.461489;1.997178e-06;3.11061e-07;-1.6861169999999999e-06
-0.46041499999999996;1.98274e-06;3.30748e-07;-1.651992e-06
-0.45933999999999997;2.012053e-06;4.16935e-07;-1.595117e-06
-0.458266;2.034365e-06;4.88685e-07;-1.54568e-06
-0.45719099999999996;2.013803e-06;5.2106e-07;-1.492743e-06
-0.456117;2.007678e-06;5.38122e-07;-1.469555e-06
-0.455042;1.978803e-06;5.45997e-07;-1.432806e-06
-0.453968;1.959553e-06;5.51247e-07;-1.4083059999999999e-06
-0.452893;1.942491e-06;5.591219999999999e-07;-1.383368e-06
-0.45181899999999997;1.915366e-06;5.52997e-07;-1.362368e-06
-0.450744;1.919303e-06;5.78809e-07;-1.340494e-06
-0.44966999999999996;1.907491e-06;5.83184e-07;-1.324306e-06
-0.44859499999999997;1.897429e-06;5.85372e-07;-1.312056e-06
-0.447521;1.894366e-06;5.95872e-07;-1.298494e-06
-0.44644599999999995;1.873366e-06;5.98497e-07;-1.274869e-06
-0.445372;1.8746789999999999e-06;5.98934e-07;-1.275744e-06
-0.444297;1.882991e-06;6.12059e-07;-1.270931e-06
-0.443223;1.841866e-06;5.98059e-07;-1.243806e-06
-0.442148;1.866804e-06;6.07684e-07;-1.259119e-06
-0.44107399999999997;1.851929e-06;6.01122e-07;-1.250806e-06
-0.439999;1.855866e-06;6.02434e-07;-1.253431e-06
-0.43892499999999995;1.860241e-06;5.94122e-07;-1.266119e-06
-0.437851;1.8904289999999999e-06;6.08122e-07;-1.282306e-06
-0.436776;1.884741e-06;5.963089999999999e-07;-1.288431e-06
-0.435702;1.879928e-06;6.033089999999999e-07;-1.2766189999999999e-06
-0.434627;1.849304e-06;6.181839999999999e-07;-1.231119e-06
-0.43355299999999997;1.7876169999999999e-06;6.251839999999999e-07;-1.162432e-06
-0.432478;1.6874289999999999e-06;6.15122e-07;-1.072307e-06
-0.43140399999999995;1.498868e-06;5.70497e-07;-9.2837e-07
-0.43032899999999996;1.469993e-06;4.97872e-07;-9.721199999999999e-07
-0.429255;1.4966799999999999e-06;4.20873e-07;-1.075807e-06
-0.42818;1.563618e-06;4.33123e-07;-1.1304949999999999e-06
-0.427106;1.5854919999999999e-06;4.00748e-07;-1.184744e-06
-0.426031;1.683055e-06;4.75122e-07;-1.207932e-06
-0.424957;1.756554e-06;5.61747e-07;-1.194807e-06
-0.423882;1.762679e-06;6.15122e-07;-1.147557e-06
-0.42280799999999996;1.7429919999999999e-06;6.29997e-07;-1.112995e-06
-0.42173299999999997;1.727242e-06;6.34809e-07;-1.092432e-06
-0.420659;1.702742e-06;6.30872e-07;-1.07187e-06
-0.41958399999999996;1.67693e-06;6.33934e-07;-1.042995e-06
-0.41851;1.6712419999999999e-06;6.27372e-07;-1.0438699999999999e-06
-0.417435;1.659867e-06;6.35247e-07;-1.02462e-06
-0.416361;1.651555e-06;6.31309e-07;-1.020245e-06
-0.415286;1.649367e-06;6.387469999999999e-07;-1.01062e-06
-0.41421199999999997;1.64893e-06;6.457469999999999e-07;-1.003183e-06
-0.413137;1.651117e-06;6.540589999999999e-07;-9.97058e-07
-0.41206299999999996;1.64368e-06;6.50559e-07;-9.9312e-07
-0.410989;1.630555e-06;6.470589999999999e-07;-9.83495e-07
-0.409914;1.63843e-06;6.51872e-07;-9.86558e-07
-0.40884;1.644555e-06;6.540589999999999e-07;-9.90495e-07
-0.407765;1.64543e-06;6.55372e-07;-9.90058e-07
-0.40669099999999997;1.663367e-06;6.610589999999999e-07;-1.002308e-06
-0.405616;1.66643e-06;6.527469999999999e-07;-1.0136829999999999e-06
-0.40454199999999996;1.677805e-06;6.51434e-07;-1.02637e-06
-0.40346699999999996;1.696179e-06;6.47934e-07;-1.048245e-06
-0.402393;1.707117e-06;6.54497e-07;-1.05262e-06
-0.401318;1.6869919999999999e-06;6.63684e-07;-1.023307e-06
-0.400244;1.648055e-06;6.680589999999999e-07;-9.79995e-07
-0.399169;1.595117e-06;6.78559e-07;-9.165579999999999e-07
-0.398095;1.483993e-06;6.70247e-07;-8.137459999999999e-07
-0.39702;1.343119e-06;6.17309e-07;-7.25809e-07
-0.39594599999999996;1.256056e-06;5.24122e-07;-7.31934e-07
-0.39487099999999997;1.284931e-06;4.5456e-07;-8.30371e-07
-0.393797;1.413118e-06;5.04872e-07;-9.08245e-07
-0.39272199999999996;1.426681e-06;4.5806e-07;-9.6862e-07
-0.391648;1.515055e-06;5.06622e-07;-1.008432e-06
-0.390573;1.620492e-06;5.99809e-07;-1.020682e-06
-0.389499;1.649805e-06;6.527469999999999e-07;-9.97058e-07
-0.388424;1.64018e-06;6.77684e-07;-9.62495e-07
-0.38734999999999997;1.616992e-06;6.82496e-07;-9.34495e-07
-0.386275;1.59993e-06;6.763709999999999e-07;-9.235579999999999e-07
-0.38520099999999996;1.59293e-06;6.78121e-07;-9.14808e-07
-0.38412599999999997;1.573242e-06;6.71559e-07;-9.016829999999999e-07
-0.383052;1.558368e-06;6.75497e-07;-8.82871e-07
-0.38197699999999996;1.55793e-06;6.78559e-07;-8.793709999999999e-07
-0.380903;1.543493e-06;6.71121e-07;-8.723709999999999e-07
-0.37982899999999997;1.557493e-06;6.86434e-07;-8.71058e-07
-0.378754;1.555743e-06;6.82059e-07;-8.73683e-07
-0.37767999999999996;1.559243e-06;6.85996e-07;-8.73246e-07
-0.37660499999999997;1.561868e-06;6.92121e-07;-8.69746e-07
-0.375531;1.566242e-06;6.89496e-07;-8.76746e-07
-0.37445599999999996;1.567555e-06;6.95184e-07;-8.723709999999999e-07
-0.373382;1.587242e-06;6.91684e-07;-8.95558e-07
-0.372307;1.59643e-06;6.92996e-07;-9.03433e-07
-0.371233;1.610867e-06;6.90371e-07;-9.20495e-07
-0.370158;1.6261799999999999e-06;6.86871e-07;-9.39308e-07
-0.36908399999999997;1.6563669999999999e-06;6.93871e-07;-9.62495e-07
-0.368009;1.65768e-06;6.99996e-07;-9.57683e-07
-0.36693499999999996;1.637992e-06;7.052459999999999e-07;-9.32745e-07
-0.36585999999999996;1.602117e-06;7.17934e-07;-8.84183e-07
-0.364786;1.531243e-06;7.28434e-07;-8.02808e-07
-0.363711;1.413556e-06;7.04371e-07;-7.09184e-07
-0.362637;1.300244e-06;6.47497e-07;-6.527469999999999e-07
-0.361562;1.197869e-06;5.62185e-07;-6.35684e-07
-0.360488;1.241181e-06;5.11872e-07;-7.29309e-07
-0.359413;1.404368e-06;5.661219999999999e-07;-8.38246e-07
-0.35833899999999996;1.421868e-06;5.23685e-07;-8.98183e-07
-0.35726399999999997;1.479618e-06;5.33747e-07;-9.458699999999999e-07
-0.35619;1.606055e-06;6.43559e-07;-9.62495e-07
-0.35511499999999996;1.633617e-06;6.93871e-07;-9.39745e-07
-0.354041;1.621805e-06;7.24496e-07;-8.97308e-07
-0.352967;1.617867e-06;7.42434e-07;-8.75433e-07
-0.351892;1.5837419999999999e-06;7.35434e-07;-8.48308e-07
-0.35081799999999996;1.578492e-06;7.38059e-07;-8.40433e-07
-0.34974299999999997;1.570618e-06;7.39371e-07;-8.31246e-07
-0.348669;1.559243e-06;7.31934e-07;-8.27308e-07
-0.34759399999999996;1.55618e-06;7.31934e-07;-8.24246e-07
-0.34652;1.548743e-06;7.28434e-07;-8.20308e-07
-0.345445;1.553555e-06;7.31934e-07;-8.216209999999999e-07
-0.344371;1.557055e-06;7.41121e-07;-8.15933e-07
-0.343296;1.552243e-06;7.39371e-07;-8.12871e-07
-0.34222199999999997;1.569743e-06;7.46371e-07;-8.23371e-07
-0.341147;1.574555e-06;7.48121e-07;-8.26433e-07
-0.34007299999999996;1.59468e-06;7.54246e-07;-8.40433e-07
-0.33899799999999997;1.58943e-06;7.489959999999999e-07;-8.40433e-07
-0.337924;1.61043e-06;7.44184e-07;-8.66246e-07
-0.336849;1.6283669999999999e-06;7.42871e-07;-8.85496e-07
-0.335775;1.663805e-06;7.47246e-07;-9.165579999999999e-07
-0.3347;1.693554e-06;7.56434e-07;-9.3712e-07
-0.333626;1.697492e-06;7.65184e-07;-9.32308e-07
-0.332551;1.684367e-06;7.78309e-07;-9.06058e-07
-0.33147699999999997;1.6428049999999999e-06;7.89246e-07;-8.53558e-07
-0.330402;1.573242e-06;7.89246e-07;-7.83996e-07
-0.329328;1.441993e-06;7.625589999999999e-07;-6.79434e-07
-0.32825299999999996;1.331744e-06;6.83809e-07;-6.47934e-07
-0.327179;1.233306e-06;6.08559e-07;-6.24747e-07
-0.326104;1.311181e-06;5.93247e-07;-7.17934e-07
-0.32503;1.47743e-06;6.66747e-07;-8.10683e-07
-0.32395599999999997;1.514618e-06;6.20372e-07;-8.942459999999999e-07
-0.322881;1.530368e-06;5.893089999999999e-07;-9.41058e-07
-0.321807;1.637555e-06;6.78996e-07;-9.58558e-07
-0.32073199999999996;1.695742e-06;7.555589999999999e-07;-9.40183e-07
-0.319658;1.675617e-06;7.88808e-07;-8.868079999999999e-07
-0.318583;1.677804e-06;8.17683e-07;-8.60121e-07
-0.317509;1.66118e-06;8.26871e-07;-8.34308e-07
-0.316434;1.649805e-06;8.26871e-07;-8.22933e-07
-0.31536;1.65943e-06;8.30371e-07;-8.290579999999999e-07
-0.314285;1.639742e-06;8.23371e-07;-8.16371e-07
-0.31321099999999996;1.646742e-06;8.299329999999999e-07;-8.16808e-07
-0.31213599999999997;1.63843e-06;8.290579999999999e-07;-8.09371e-07
-0.311062;1.645867e-06;8.30808e-07;-8.150579999999999e-07
-0.309987;1.651555e-06;8.31683e-07;-8.19871e-07
-0.308913;1.662055e-06;8.49183e-07;-8.12871e-07
-0.307838;1.66643e-06;8.48308e-07;-8.18121e-07
-0.306764;1.667305e-06;8.52246e-07;-8.150579999999999e-07
-0.305689;1.692242e-06;8.55308e-07;-8.369329999999999e-07
-0.30461499999999997;1.701867e-06;8.579329999999999e-07;-8.439329999999999e-07
-0.30354;1.727242e-06;8.644959999999999e-07;-8.62746e-07
-0.302466;1.7591789999999999e-06;8.67558e-07;-8.91621e-07
-0.30139099999999996;1.808616e-06;8.77183e-07;-9.314329999999999e-07
-0.300317;1.838366e-06;8.793709999999999e-07;-9.58995e-07
-0.299242;1.878616e-06;8.97308e-07;-9.81308e-07
-0.298168;1.873804e-06;9.13933e-07;-9.5987e-07
-0.29709399999999997;1.837491e-06;9.28808e-07;-9.086829999999999e-07
-0.296019;1.751742e-06;9.165579999999999e-07;-8.35183e-07
-0.294945;1.604305e-06;8.868079999999999e-07;-7.17496e-07
-0.29386999999999996;1.52118e-06;8.18558e-07;-7.02621e-07
-0.292796;1.422743e-06;7.43746e-07;-6.78996e-07
-0.291721;1.522055e-06;7.47246e-07;-7.74809e-07
-0.290647;1.724617e-06;8.48308e-07;-8.76308e-07
-0.289572;1.756992e-06;7.848709999999999e-07;-9.721199999999999e-07
-0.288498;1.771429e-06;7.51621e-07;-1.019808e-06
-0.287423;1.866804e-06;8.356209999999999e-07;-1.031182e-06
-0.28634899999999996;1.885616e-06;9.12183e-07;-9.73433e-07
-0.28527399999999997;1.8751159999999999e-06;9.5812e-07;-9.169949999999999e-07
-0.2842;1.880804e-06;9.92683e-07;-8.88121e-07
-0.28312499999999996;1.8917409999999999e-06;1.018057e-06;-8.73683e-07
-0.282051;1.903116e-06;1.03162e-06;-8.714959999999999e-07
-0.280976;1.914929e-06;1.0443069999999999e-06;-8.70621e-07
-0.279902;1.931553e-06;1.050432e-06;-8.81121e-07
-0.278827;1.931553e-06;1.048682e-06;-8.82871e-07
-0.27775299999999997;1.933304e-06;1.048682e-06;-8.84621e-07
-0.276678;1.945991e-06;1.058307e-06;-8.876829999999999e-07
-0.27560399999999996;1.9569279999999998e-06;1.061807e-06;-8.95121e-07
-0.27452899999999997;1.9713659999999998e-06;1.069682e-06;-9.016829999999999e-07
-0.273455;1.987991e-06;1.087182e-06;-9.00808e-07
-0.27238;2.006803e-06;1.098995e-06;-9.07808e-07
-0.271306;2.016428e-06;1.113432e-06;-9.029949999999999e-07
-0.270231;2.039178e-06;1.121307e-06;-9.178699999999999e-07
-0.269157;2.055803e-06;1.136182e-06;-9.1962e-07
-0.26808299999999996;2.101303e-06;1.156744e-06;-9.44558e-07
-0.26700799999999997;2.145928e-06;1.171619e-06;-9.74308e-07
-0.265934;2.22424e-06;1.1895569999999999e-06;-1.034682e-06
-0.264859;2.308239e-06;1.207932e-06;-1.100307e-06
-0.263785;2.363364e-06;1.229807e-06;-1.133557e-06
-0.26271;2.351989e-06;1.245994e-06;-1.105995e-06
-0.261636;2.284177e-06;1.241181e-06;-1.042995e-06
-0.260561;2.140677e-06;1.207494e-06;-9.33183e-07
-0.25948699999999997;1.991053e-06;1.158932e-06;-8.32121e-07
-0.258412;1.980553e-06;1.105557e-06;-8.74996e-07
-0.257338;2.10174e-06;1.0889319999999999e-06;-1.012807e-06
-0.25626299999999996;2.327926e-06;1.201807e-06;-1.126119e-06
-0.255189;2.351552e-06;1.136182e-06;-1.215369e-06
-0.254114;2.344114e-06;1.12437e-06;-1.2197439999999999e-06
-0.25304;2.354177e-06;1.2044319999999999e-06;-1.149744e-06
-0.251965;2.358989e-06;1.285369e-06;-1.07362e-06
-0.250891;2.402739e-06;1.350994e-06;-1.051745e-06
-0.24981599999999998;2.456114e-06;1.3947429999999999e-06;-1.06137e-06
-0.248742;2.502051e-06;1.431056e-06;-1.070995e-06
-0.247667;2.544051e-06;1.452931e-06;-1.09112e-06
-0.24659299999999998;2.573801e-06;1.458618e-06;-1.115182e-06
-0.245518;2.5834249999999997e-06;1.458618e-06;-1.124807e-06
-0.244444;2.593488e-06;1.454243e-06;-1.139244e-06
-0.243369;2.613613e-06;1.46518e-06;-1.148432e-06
-0.24229499999999998;2.63155e-06;1.473493e-06;-1.158057e-06
-0.24122;2.662175e-06;1.491868e-06;-1.170307e-06
-0.240146;2.680988e-06;1.505868e-06;-1.175119e-06
-0.23907199999999998;2.711175e-06;1.527743e-06;-1.183432e-06
-0.237997;2.7308619999999998e-06;1.544368e-06;-1.186494e-06
-0.236923;2.753175e-06;1.557493e-06;-1.195682e-06
-0.235848;2.769362e-06;1.574555e-06;-1.194807e-06
-0.23477399999999998;2.76805e-06;1.580242e-06;-1.187807e-06
-0.233699;2.7872989999999997e-06;1.595992e-06;-1.191307e-06
-0.232625;2.804362e-06;1.6130549999999999e-06;-1.191307e-06
-0.23154999999999998;2.856424e-06;1.636242e-06;-1.220182e-06
-0.230476;2.940424e-06;1.665992e-06;-1.274431e-06
-0.229401;3.043236e-06;1.680429e-06;-1.362806e-06
-0.228327;3.1512979999999997e-06;1.696179e-06;-1.455118e-06
-0.22725199999999998;3.15961e-06;1.725492e-06;-1.434118e-06
-0.226178;3.048923e-06;1.718929e-06;-1.329994e-06
-0.225103;2.876987e-06;1.676492e-06;-1.200494e-06
-0.22402899999999998;2.908924e-06;1.621805e-06;-1.287119e-06
-0.22295399999999999;2.9758609999999997e-06;1.545243e-06;-1.430618e-06
-0.22188;3.077361e-06;1.5413049999999999e-06;-1.536055e-06
-0.220805;3.039736e-06;1.530805e-06;-1.50893e-06
-0.21973099999999998;2.983736e-06;1.5837419999999999e-06;-1.399993e-06
-0.218656;3.009986e-06;1.663367e-06;-1.346618e-06
-0.217582;3.0786729999999997e-06;1.732054e-06;-1.346618e-06
-0.21650699999999998;3.137298e-06;1.7736169999999999e-06;-1.363681e-06
-0.21543299999999999;3.1814849999999997e-06;1.7867419999999999e-06;-1.3947429999999999e-06
-0.214358;3.17711e-06;1.7587419999999999e-06;-1.418368e-06
-0.213284;3.177985e-06;1.740367e-06;-1.4376179999999999e-06
-0.21220999999999998;3.178423e-06;1.723742e-06;-1.454681e-06
-0.211135;3.188923e-06;1.725492e-06;-1.46343e-06
-0.210061;3.208173e-06;1.732929e-06;-1.475243e-06
-0.20898599999999998;3.230048e-06;1.738617e-06;-1.49143e-06
-0.20791199999999999;3.24536e-06;1.748242e-06;-1.4971179999999999e-06
-0.206837;3.263298e-06;1.762679e-06;-1.500618e-06
-0.205763;3.265922e-06;1.764429e-06;-1.501493e-06
-0.20468799999999998;3.268547e-06;1.769679e-06;-1.498868e-06
-0.203614;3.265485e-06;1.770992e-06;-1.494493e-06
-0.202539;3.246672e-06;1.7583039999999999e-06;-1.488368e-06
-0.20146499999999998;3.2261099999999998e-06;1.749992e-06;-1.476118e-06
-0.20038999999999998;3.1976729999999998e-06;1.736429e-06;-1.461243e-06
-0.199316;3.172736e-06;1.7289919999999999e-06;-1.443743e-06
-0.198241;3.15086e-06;1.712804e-06;-1.4380559999999999e-06
-0.19716699999999998;3.146485e-06;1.7014289999999999e-06;-1.445056e-06
-0.196092;3.190673e-06;1.7005539999999999e-06;-1.490118e-06
-0.195018;3.279922e-06;1.693992e-06;-1.58593e-06
-0.193943;3.371359e-06;1.695304e-06;-1.676054e-06
-0.19286899999999998;3.363922e-06;1.717617e-06;-1.646305e-06
-0.191794;3.2558599999999998e-06;1.743429e-06;-1.5124299999999999e-06
-0.19072;3.077361e-06;1.706679e-06;-1.370681e-06
-0.18964499999999998;3.064236e-06;1.6279299999999999e-06;-1.436306e-06
-0.188571;3.103611e-06;1.518118e-06;-1.5854919999999999e-06
-0.187496;3.1386099999999998e-06;1.457743e-06;-1.680867e-06
-0.186422;3.133361e-06;1.4511809999999999e-06;-1.682179e-06
-0.18534699999999998;3.092673e-06;1.504993e-06;-1.58768e-06
-0.184273;3.075611e-06;1.573242e-06;-1.502368e-06
-0.183199;3.083048e-06;1.620492e-06;-1.462556e-06
-0.18212399999999998;3.097486e-06;1.63668e-06;-1.460806e-06
-0.18105;3.092673e-06;1.622242e-06;-1.47043e-06
-0.179975;3.068611e-06;1.588992e-06;-1.479618e-06
-0.178901;3.0331739999999997e-06;1.552243e-06;-1.48093e-06
-0.17782599999999998;3.007799e-06;1.52818e-06;-1.479618e-06
-0.176752;2.985924e-06;1.505868e-06;-1.480055e-06
-0.175677;2.973674e-06;1.499305e-06;-1.474368e-06
-0.17460299999999998;2.9758609999999997e-06;1.501055e-06;-1.474805e-06
-0.173528;2.965361e-06;1.4962429999999999e-06;-1.469118e-06
-0.172454;2.956174e-06;1.492305e-06;-1.463868e-06
-0.171379;2.944361e-06;1.490118e-06;-1.454243e-06
-0.17030499999999998;2.9176739999999997e-06;1.474368e-06;-1.443306e-06
-0.16923;2.895799e-06;1.4678049999999999e-06;-1.427993e-06
-0.168156;2.8616739999999998e-06;1.447681e-06;-1.413993e-06
-0.16708099999999998;2.843299e-06;1.442868e-06;-1.400431e-06
-0.166007;2.811799e-06;1.426681e-06;-1.385118e-06
-0.164932;2.798675e-06;1.412681e-06;-1.385993e-06
-0.163858;2.809612e-06;1.405681e-06;-1.403931e-06
-0.16278299999999998;2.869987e-06;1.4074309999999999e-06;-1.462556e-06
-0.161709;2.943924e-06;1.405681e-06;-1.538243e-06
-0.160634;2.986799e-06;1.417056e-06;-1.569743e-06
-0.15955999999999998;2.935174e-06;1.4371809999999999e-06;-1.497993e-06
-0.158485;2.813987e-06;1.441556e-06;-1.372431e-06
-0.157411;2.623675e-06;1.389056e-06;-1.2346189999999999e-06
-0.156336;2.5549879999999998e-06;1.316869e-06;-1.238119e-06
-0.15526199999999998;2.404051e-06;1.208807e-06;-1.195244e-06
-0.154188;2.418926e-06;1.177307e-06;-1.241619e-06
-0.153113;2.606613e-06;1.259556e-06;-1.347056e-06
-0.15203899999999998;2.6613e-06;1.196557e-06;-1.464743e-06
-0.150964;2.638988e-06;1.132682e-06;-1.506305e-06
-0.14989;2.6709249999999998e-06;1.192182e-06;-1.478743e-06
-0.148815;2.634613e-06;1.252556e-06;-1.382056e-06
-0.14774099999999998;2.600488e-06;1.289306e-06;-1.311181e-06
-0.146666;2.585176e-06;1.317306e-06;-1.267869e-06
-0.145592;2.581238e-06;1.3356809999999999e-06;-1.245556e-06
-0.144517;2.572488e-06;1.334806e-06;-1.237682e-06
-0.143443;2.555863e-06;1.324744e-06;-1.231119e-06
-0.142368;2.532676e-06;1.308994e-06;-1.223682e-06
-0.141294;2.503363e-06;1.288869e-06;-1.214494e-06
-0.14021899999999998;2.4801759999999997e-06;1.269619e-06;-1.210557e-06
-0.139145;2.457864e-06;1.256931e-06;-1.200932e-06
-0.13807;2.441239e-06;1.249494e-06;-1.191744e-06
-0.136996;2.426801e-06;1.247306e-06;-1.179494e-06
-0.135921;2.4088639999999998e-06;1.240307e-06;-1.168557e-06
-0.134847;2.410614e-06;1.241619e-06;-1.168994e-06
-0.133772;2.394864e-06;1.243806e-06;-1.151057e-06
-0.13269799999999998;2.398801e-06;1.243369e-06;-1.155432e-06
-0.131623;2.417176e-06;1.2490559999999999e-06;-1.168119e-06
-0.130549;2.454801e-06;1.257806e-06;-1.196994e-06
-0.129474;2.516926e-06;1.260431e-06;-1.256494e-06
-0.1284;2.571613e-06;1.269181e-06;-1.302431e-06
-0.127326;2.568988e-06;1.271806e-06;-1.297181e-06
-0.126251;2.500738e-06;1.267869e-06;-1.232869e-06
-0.12517699999999998;2.368176e-06;1.243369e-06;-1.124807e-06
-0.12410199999999999;2.19624e-06;1.191307e-06;-1.004932e-06
-0.123028;2.078115e-06;1.11737e-06;-9.60745e-07
-0.12195299999999999;2.2465519999999997e-06;1.056557e-06;-1.1899939999999999e-06
-0.120879;2.12799e-06;1.041682e-06;-1.086307e-06
-0.119804;2.11224e-06;1.176869e-06;-9.3537e-07
-0.11872999999999999;2.239552e-06;1.217994e-06;-1.021557e-06
-0.117655;2.330989e-06;1.1908689999999999e-06;-1.140119e-06
-0.11658099999999999;2.303864e-06;1.0889319999999999e-06;-1.214932e-06
-0.115506;2.24874e-06;1.001433e-06;-1.247306e-06
-0.11443199999999999;2.3043019999999997e-06;1.048682e-06;-1.255619e-06
-0.113357;2.307364e-06;1.119995e-06;-1.187369e-06
-0.112283;2.268427e-06;1.1611189999999999e-06;-1.107307e-06
-0.111208;2.266677e-06;1.197432e-06;-1.069245e-06
-0.110134;2.262302e-06;1.222807e-06;-1.039495e-06
-0.10905899999999999;2.263615e-06;1.234182e-06;-1.029432e-06
-0.107985;2.270177e-06;1.2490559999999999e-06;-1.02112e-06
-0.10690999999999999;2.271052e-06;1.250369e-06;-1.020682e-06
-0.105836;2.260552e-06;1.2486189999999999e-06;-1.011933e-06
-0.10476099999999999;2.264927e-06;1.2486189999999999e-06;-1.0163069999999999e-06
-0.103687;2.251802e-06;1.241181e-06;-1.01062e-06
-0.102612;2.24524e-06;1.238994e-06;-1.006245e-06
-0.10153799999999999;2.24524e-06;1.240744e-06;-1.004495e-06
-0.100463;2.24699e-06;1.239869e-06;-1.00712e-06
-0.099389504;2.258364e-06;1.2490559999999999e-06;-1.009308e-06
-0.098315016;2.272802e-06;1.251681e-06;-1.02112e-06
-0.097240536;2.313927e-06;1.254744e-06;-1.0591819999999999e-06
-0.096166048;2.3646759999999998e-06;1.257369e-06;-1.107307e-06
-0.09509157600000001;2.420676e-06;1.258681e-06;-1.1619939999999999e-06
-0.09401709600000001;2.450864e-06;1.262181e-06;-1.1886819999999999e-06
-0.09294260800000001;2.4093009999999998e-06;1.256494e-06;-1.152807e-06
-0.091868136;2.305614e-06;1.229369e-06;-1.076245e-06
-0.090793648;2.1608019999999998e-06;1.196557e-06;-9.64245e-07
-0.089719168;1.991928e-06;1.134432e-06;-8.574959999999999e-07
-0.088644688;2.012053e-06;1.06662e-06;-9.454329999999999e-07
-0.08757020800000001;2.187927e-06;1.03512e-06;-1.152807e-06
-0.08649572800000001;2.216365e-06;1.123494e-06;-1.09287e-06
-0.08542124000000001;2.104365e-06;1.234182e-06;-8.70183e-07
-0.08434676;2.157303e-06;1.250369e-06;-9.06933e-07
-0.08327228;2.272802e-06;1.240744e-06;-1.032057e-06
-0.0821978;2.313489e-06;1.186494e-06;-1.126995e-06
-0.08112332;2.2483019999999998e-06;1.06662e-06;-1.181682e-06
-0.08004884000000001;2.243927e-06;1.043432e-06;-1.200494e-06
-0.07897436000000001;2.288989e-06;1.10862e-06;-1.180369e-06
-0.07789987200000001;2.279802e-06;1.171182e-06;-1.10862e-06
-0.076825392;2.255739e-06;1.215369e-06;-1.04037e-06
-0.07575092;2.258364e-06;1.2499309999999999e-06;-1.008432e-06
-0.074676432;2.264489e-06;1.270494e-06;-9.93995e-07
-0.073601952;2.285052e-06;1.294119e-06;-9.90933e-07
-0.07252747200000001;2.296427e-06;1.304181e-06;-9.92245e-07
-0.071452992;2.301677e-06;1.308556e-06;-9.9312e-07
-0.070378512;2.307364e-06;1.318181e-06;-9.89183e-07
-0.069304024;2.313052e-06;1.319494e-06;-9.93558e-07
-0.068229552;2.309114e-06;1.316431e-06;-9.92683e-07
-0.067155064;2.311302e-06;1.317744e-06;-9.93558e-07
-0.066080584;2.313052e-06;1.3203689999999999e-06;-9.92683e-07
-0.065006108;2.342802e-06;1.327806e-06;-1.0149949999999999e-06
-0.06393162000000001;2.362489e-06;1.336119e-06;-1.02637e-06
-0.062857144;2.391801e-06;1.336994e-06;-1.054807e-06
-0.06178266;2.4674879999999998e-06;1.340931e-06;-1.126557e-06
-0.06070818;2.526113e-06;1.346181e-06;-1.179932e-06
-0.059633700000000005;2.549301e-06;1.343119e-06;-1.206182e-06
-0.058559216000000004;2.488926e-06;1.333056e-06;-1.155869e-06
-0.057484736;2.381739e-06;1.310744e-06;-1.070995e-06
-0.056410256000000006;2.215052e-06;1.257806e-06;-9.572449999999999e-07
-0.055335776;2.07199e-06;1.195244e-06;-8.76746e-07
-0.054261292;2.176552e-06;1.144057e-06;-1.032495e-06
-0.053186812;2.337989e-06;1.140994e-06;-1.196994e-06
-0.052112328000000006;2.418051e-06;1.2630559999999999e-06;-1.154994e-06
-0.051037852;2.2631769999999998e-06;1.338744e-06;-9.24433e-07
-0.049963368;2.265802e-06;1.341806e-06;-9.239949999999999e-07
-0.048888888000000005;2.3773639999999997e-06;1.337869e-06;-1.039495e-06
-0.047814408;2.415864e-06;1.269181e-06;-1.1466819999999999e-06
-0.046739924;2.369926e-06;1.156744e-06;-1.213182e-06
-0.045665448000000004;2.412364e-06;1.170744e-06;-1.241619e-06
-0.044590964000000004;2.472738e-06;1.2477439999999999e-06;-1.224994e-06
-0.043516484;2.464426e-06;1.303744e-06;-1.1606819999999999e-06
-0.042442;2.433801e-06;1.3492439999999999e-06;-1.084557e-06
-0.041367520000000005;2.440801e-06;1.381618e-06;-1.0591819999999999e-06
-0.040293036000000004;2.451301e-06;1.4087429999999999e-06;-1.042557e-06
-0.03921856;2.460926e-06;1.4244929999999999e-06;-1.036432e-06
-0.038144080000000004;2.474488e-06;1.433243e-06;-1.041245e-06
-0.037069596;2.4806129999999997e-06;1.434556e-06;-1.046057e-06
-0.035995116;2.478426e-06;1.431931e-06;-1.046495e-06
-0.034920632;2.474051e-06;1.427993e-06;-1.046057e-06
-0.033846156;2.481051e-06;1.426681e-06;-1.05437e-06
-0.032771674;2.475801e-06;1.425368e-06;-1.050432e-06
-0.031697192;2.4972379999999998e-06;1.432806e-06;-1.064432e-06
-0.03062271;2.517363e-06;1.441993e-06;-1.07537e-06
-0.02954823;2.550613e-06;1.448118e-06;-1.102495e-06
-0.028473748;2.6131749999999998e-06;1.46168e-06;-1.151494e-06
-0.027399266000000002;2.675738e-06;1.465618e-06;-1.210119e-06
-0.026324786000000003;2.756237e-06;1.483118e-06;-1.273119e-06
-0.025250304;2.767175e-06;1.49143e-06;-1.275744e-06
-0.024175824000000002;2.70855e-06;1.498868e-06;-1.209682e-06
-0.023101342;2.592176e-06;1.479618e-06;-1.112557e-06
-0.022026862;2.446489e-06;1.4380559999999999e-06;-1.008432e-06
-0.020952382000000002;2.342364e-06;1.3803059999999999e-06;-9.62058e-07
-0.0198779;2.4814889999999998e-06;1.328681e-06;-1.152807e-06
-0.018803418000000002;2.570738e-06;1.294119e-06;-1.2766189999999999e-06
-0.017728938;2.622363e-06;1.370681e-06;-1.251681e-06
-0.016654456;2.527426e-06;1.4664929999999999e-06;-1.060932e-06
-0.015579975000000001;2.465739e-06;1.476555e-06;-9.89183e-07
-0.014505494;2.535301e-06;1.442868e-06;-1.092432e-06
-0.013431014000000002;2.535301e-06;1.3343689999999999e-06;-1.200932e-06
-0.012356532;2.6193e-06;1.343556e-06;-1.275744e-06
-0.011282051000000001;2.775925e-06;1.4371809999999999e-06;-1.338744e-06
-0.010207570000000001;2.8144249999999997e-06;1.50543e-06;-1.308994e-06
-0.009133089;2.8034869999999998e-06;1.5539929999999999e-06;-1.249494e-06
-0.008058607;2.775049e-06;1.58943e-06;-1.185619e-06
-0.0069841270000000006;2.757987e-06;1.60343e-06;-1.154557e-06
-0.005909646;2.747925e-06;1.604305e-06;-1.143619e-06
-0.004835164;2.743112e-06;1.595117e-06;-1.147994e-06
-0.0037606830000000003;2.7278e-06;1.581555e-06;-1.1462439999999999e-06
-0.0026862020000000004;2.728237e-06;1.57718e-06;-1.151057e-06
-0.0016117210000000002;2.72255e-06;1.565805e-06;-1.156744e-06
-0.00053724;2.733925e-06;1.574992e-06;-1.158932e-06
