Applied potential [V],WE current [A],WE current [A].1,WE current [A].2,WE current filtered [A] (3 Hz),WE current filtered [A] (2 Hz),WE current filtered [A] (1 Hz)
-0.50017,2.29905e-07,-1.82382e-06,-2.053725e-06,2.323642899001382e-07,2.4963810061560083e-07,2.3546021904592223e-07
-0.499096,1.493837e-06,-2.457645e-06,-3.951482e-06,6.283317084501319e-07,4.86995005488044e-07,3.406665216003269e-07
-0.498021,4.396417e-06,-2.356364e-06,-6.752782e-06,1.018357017010035e-06,7.224009591304435e-07,4.4540769075681044e-07
-0.4969469999999999,5.044352e-06,-7.997459999999999e-07,-5.844099e-06,1.396321746469902e-06,9.542516762524228e-07,5.495095111089141e-07
-0.495872,4.647979e-06,-4.94372e-07,-5.142352e-06,1.756456026378603e-06,1.1809865230971112e-06,6.52799413128079e-07
-0.4947979999999999,4.267356e-06,-3.68373e-07,-4.635729e-06,2.093505602597673e-06,1.4011092669618476e-06,7.551070442601795e-07
-0.493724,3.954982e-06,-3.44748e-07,-4.29973e-06,2.40287669070638e-06,1.6132075522561605e-06,8.562648300344039e-07
-0.492649,3.724858e-06,-2.84373e-07,-4.009232e-06,2.6807533286602553e-06,1.8159707386399438e-06,9.561085223982885e-07
-0.491575,3.552484e-06,-2.10874e-07,-3.763358e-06,2.9241835418419827e-06,2.008205788151687e-06,1.0544777326065225e-06
-0.4905,3.374859e-06,-1.46124e-07,-3.520984e-06,3.1311323568014906e-06,2.188850945717287e-06,1.151216446124969e-06
-0.4894259999999999,3.25586e-06,-1.25999e-07,-3.381859e-06,3.3005013693274174e-06,2.3569870181874575e-06,1.2461735171618413e-06
-0.488351,3.037986e-06,-1.70624e-07,-3.20861e-06,3.432116091288467e-06,2.5118461186773215e-06,1.339203140602092e-06
-0.4872769999999999,3.072111e-06,-2.8437374000000002e-08,-3.100548e-06,3.5266836020165587e-06,2.652817803502848e-06,1.430165299296076e-06
-0.4862019999999999,2.981549e-06,-1.7937420000000002e-08,-2.999486e-06,3.585724073021436e-06,2.7794525868475822e-06,1.5189261848370148e-06
-0.485128,2.922924e-06,-1.2687444e-08,-2.935611e-06,3.6114805007719444e-06,2.8914628722228537e-06,1.6053585901515486e-06
-0.4840529999999999,2.886612e-06,9.624957e-09,-2.876987e-06,3.606811470702579e-06,2.988721388888825e-06,1.6893422724217725e-06
-0.482979,2.853799e-06,2.9749868000000006e-08,-2.824049e-06,3.575072000521086e-06,3.0712572650342e-06,1.7707642850538662e-06
-0.481904,2.838049e-06,6.081222800000001e-08,-2.777237e-06,3.519987497036799e-06,3.139249907247559e-06,1.8495192776061819e-06
-0.48083,2.822299e-06,9.3187088e-08,-2.729112e-06,3.4455256402770955e-06,3.193020887422695e-06,1.9255097627870165e-06
-0.479755,2.7943e-06,1.18561e-07,-2.675738e-06,3.3557706185322014e-06,3.2330240636566347e-06,1.998646349828008e-06
-0.4786809999999999,2.816175e-06,1.55311e-07,-2.660863e-06,3.254803617495671e-06,3.259834180993378e-06,2.0688479437319525e-06
-0.477606,2.79955e-06,1.80686e-07,-2.618863e-06,3.1465928554817365e-06,3.274134211224352e-06,2.136041910082811e-06
-0.4765319999999999,2.799549e-06,2.04311e-07,-2.595238e-06,3.0348957929053765e-06,3.2767016986557826e-06,2.2001642052897846e-06
-0.4754569999999999,2.809612e-06,2.32748e-07,-2.576863e-06,2.923175462858277e-06,3.2683943811422085e-06,2.261159472315726e-06
-0.474383,2.80305e-06,2.51123e-07,-2.551926e-06,2.8145322014666768e-06,3.2501353531645445e-06,2.3189811021120557e-06
-0.4733079999999999,2.79255e-06,2.55498e-07,-2.537051e-06,2.7116514273016232e-06,3.2228980307344575e-06,2.3735912611469835e-06
-0.472234,2.771112e-06,2.69936e-07,-2.501176e-06,2.6167675480884286e-06,3.1876911668866173e-06,2.424960885570633e-06
-0.471159,2.712925e-06,2.70811e-07,-2.442114e-06,2.5316435738226782e-06,3.145544151934122e-06,2.473069642708988e-06
-0.470085,2.628925e-06,2.85686e-07,-2.343239e-06,2.457565595518094e-06,3.097492814963421e-06,2.517905860717929e-06
-0.46901,2.546676e-06,3.14123e-07,-2.232552e-06,2.395350949896742e-06,3.0445659226779096e-06,2.559466427358527e-06
-0.4679359999999999,2.420676e-06,3.7056e-07,-2.050115e-06,2.3453686293475034e-06,2.9877725491014e-06,2.5977566589748456e-06
-0.466862,2.316114e-06,4.5806e-07,-1.858054e-06,2.307570306993368e-06,2.9280904652617527e-06,2.632790140865452e-06
-0.465787,2.311739e-06,4.82997e-07,-1.828741e-06,2.2815302205439743e-06,2.8664556722416192e-06,2.6645885403394355e-06
-0.464713,2.226865e-06,4.76872e-07,-1.749992e-06,2.26649208752735e-06,2.8037531743831167e-06,2.6931813938368987e-06
-0.463638,2.295114e-06,4.4581e-07,-1.849304e-06,2.2614212015755727e-06,2.7408090624745097e-06,2.7186058695726507e-06
-0.462564,2.342364e-06,3.7756e-07,-1.964803e-06,2.265059879832615e-06,2.6783839499675083e-06,2.7409065072303086e-06
-0.461489,2.469676e-06,4.45373e-07,-2.024303e-06,2.2759844924177765e-06,2.617167779225669e-06,2.760134936292487e-06
-0.4604149999999999,2.557176e-06,5.00497e-07,-2.056678e-06,2.292662404588572e-06,2.557775990026999e-06,2.77634957464153e-06
-0.4593399999999999,2.590425e-06,5.1581e-07,-2.074615e-06,2.3135072990683944e-06,2.5007470195295904e-06,2.789615309104682e-06
-0.458266,2.508613e-06,4.57185e-07,-2.051428e-06,2.336931516552853e-06,2.446541082067098e-06,2.8000031596480797e-06
-0.4571909999999999,2.425926e-06,3.88498e-07,-2.037428e-06,2.361394250419514e-06,2.3955401587679607e-06,2.807589928945821e-06
-0.456117,2.394426e-06,3.90685e-07,-2.00374e-06,2.3854446477528208e-06,2.348049111262927e-06,2.812457839063923e-06
-0.455042,2.398801e-06,4.1256e-07,-1.986241e-06,2.407759091595117e-06,2.3042978207273445e-06,2.8146941570044823e-06
-0.453968,2.411489e-06,4.5806e-07,-1.953428e-06,2.4271721576556657e-06,2.264444243193435e-06,2.814390810853094e-06
-0.452893,2.399239e-06,4.9131e-07,-1.907928e-06,2.4427009436257596e-06,2.2285782644227872e-06,2.811643998262811e-06
-0.4518189999999999,2.404926e-06,5.289349999999999e-07,-1.875991e-06,2.4535626551152615e-06,2.1967262325930352e-06,2.80655378899104e-06
-0.450744,2.407551e-06,5.57372e-07,-1.850179e-06,2.4591854964546458e-06,2.1688560445503972e-06,2.7992237231820503e-06
-0.4496699999999999,2.408426e-06,5.79247e-07,-1.829179e-06,2.459213056805622e-06,2.14488266131015e-06,2.7897604070576974e-06
-0.4485949999999999,2.404051e-06,6.03747e-07,-1.800304e-06,2.4535025032011277e-06,2.1246739307151205e-06,2.7782731076428443e-06
-0.447521,2.409739e-06,6.22997e-07,-1.786742e-06,2.4421169941899957e-06,2.108056599517822e-06,2.7648733481102497e-06
-0.4464459999999999,2.391364e-06,6.26497e-07,-1.764867e-06,2.4253128131443345e-06,2.0948224034325428e-06,2.7496745052827204e-06
-0.445372,2.407551e-06,6.58434e-07,-1.749117e-06,2.4035217917111997e-06,2.084734131678516e-06,2.7327914107785184e-06
-0.444297,2.394864e-06,6.57122e-07,-1.737742e-06,2.3773296540510976e-06,2.0775315719492273e-06,2.71433995722968e-06
-0.443223,2.393114e-06,6.59747e-07,-1.733367e-06,2.347450963821391e-06,2.0729372523213174e-06,2.694436710942462e-06
-0.442148,2.393989e-06,6.68497e-07,-1.725492e-06,2.3147014002018798e-06,2.07066190806979e-06,2.6731985323048796e-06
-0.4410739999999999,2.379989e-06,6.676219999999999e-07,-1.712367e-06,2.2799681276618384e-06,2.0704096133831652e-06,2.650742205178606e-06
-0.439999,2.343239e-06,6.57122e-07,-1.686117e-06,2.244179056572995e-06,2.0718825302636754e-06,2.627184076441647e-06
-0.4389249999999999,2.316989e-06,6.62372e-07,-1.654617e-06,2.208271816820412e-06,2.074785239139742e-06,2.602639706774529e-06
-0.437851,2.260552e-06,6.387469999999999e-07,-1.621805e-06,2.173163281515423e-06,2.0788286275974713e-06,2.577223533706529e-06
-0.436776,2.16649e-06,6.11622e-07,-1.554868e-06,2.139720478774707e-06,2.0837333248485985e-06,2.551048547859959e-06
-0.435702,2.059303e-06,5.70497e-07,-1.488805e-06,2.1087337113909818e-06,2.0892326798055892e-06,2.5242259832500685e-06
-0.434627,1.906616e-06,5.302469999999999e-07,-1.376368e-06,2.0808926618675153e-06,2.095075289671887e-06,2.4968650224159382e-06
-0.4335529999999999,1.745179e-06,5.25435e-07,-1.219744e-06,2.0567661890765388e-06,2.1010270935650843e-06,2.469072517074136e-06
-0.432478,1.707992e-06,5.521219999999999e-07,-1.155869e-06,2.0367864198550413e-06,2.106873051729169e-06,2.440952724902258e-06
-0.4314039999999999,1.909679e-06,5.49935e-07,-1.359743e-06,2.0212376044570546e-06,2.11241843530594e-06,2.412607062974143e-06
-0.4303289999999999,1.895678e-06,7.16621e-07,-1.179057e-06,2.010250043518182e-06,2.1174897544804976e-06,2.384133878283026e-06
-0.429255,1.896991e-06,7.47246e-07,-1.149744e-06,2.003799215006303e-06,2.1219353542537606e-06,2.3556282357036912e-06
-0.42818,1.994116e-06,7.04371e-07,-1.289744e-06,2.0017100443536518e-06,2.125625707366792e-06,2.3271817236604373e-06
-0.427106,2.09124e-06,7.30621e-07,-1.360618e-06,2.003666081725488e-06,2.128453433278241e-06,2.298882277684923e-06
-0.426031,2.147677e-06,7.29309e-07,-1.418368e-06,2.0092231873795217e-06,2.130333070836038e-06,2.270814021967256e-06
-0.424957,2.07199e-06,6.10747e-07,-1.461243e-06,2.017827186458686e-06,2.1312006306099624e-06,2.2430571289255216e-06
-0.423882,1.998053e-06,5.31122e-07,-1.46693e-06,2.0288348421426466e-06,2.131012950939001e-06,2.2156876967436853e-06
-0.4228079999999999,1.997178e-06,5.3156e-07,-1.465618e-06,2.041537411408607e-06,2.1297468797231874e-06,2.1887776447558095e-06
-0.4217329999999999,2.003303e-06,5.438099999999999e-07,-1.459493e-06,2.0551859887400093e-06,2.127398301938673e-06,2.162394626485985e-06
-0.420659,2.07374e-06,6.21247e-07,-1.452493e-06,2.0690178070403674e-06,2.12398103084262e-06,2.1366019600885348e-06
-0.4195839999999999,2.117052e-06,6.74184e-07,-1.442868e-06,2.082282649612973e-06,2.119525578933091e-06,2.111458575872056e-06
-0.41851,2.131928e-06,7.10934e-07,-1.420993e-06,2.094268531840281e-06,2.1140778230278898e-06,2.0870189805339407e-06
-0.417435,2.14374e-06,7.39809e-07,-1.403931e-06,2.1043258368453347e-06,2.1076975764226227e-06,2.063333237679231e-06
-0.416361,2.158615e-06,7.66934e-07,-1.391681e-06,2.111889136788975e-06,2.1004570800668315e-06,2.0404469641492325e-06
-0.415286,2.179177e-06,7.92308e-07,-1.386868e-06,2.116496000642458e-06,2.0924394241134956e-06,2.0184013416412066e-06
-0.4142119999999999,2.174802e-06,8.10246e-07,-1.364556e-06,2.117802179324054e-06,2.0837369110727705e-06,1.9972331430607824e-06
-0.413137,2.17349e-06,8.10683e-07,-1.362806e-06,2.1155926681841066e-06,2.0744493721253617e-06,1.976974773013372e-06
-0.4120629999999999,2.181365e-06,8.29496e-07,-1.351868e-06,2.1097882725613634e-06,2.064682448888785e-06,1.957654321809812e-06
-0.410989,2.184427e-06,8.38246e-07,-1.346181e-06,2.100447441692174e-06,2.0545458540240537e-06,1.9392956323345594e-06
-0.409914,2.18749e-06,8.34746e-07,-1.352743e-06,2.0877632864740875e-06,2.044151625446416e-06,1.9219183791018867e-06
-0.40884,2.182677e-06,8.39121e-07,-1.343556e-06,2.0720558539942823e-06,2.033612390472078e-06,1.905538158806517e-06
-0.407765,2.18574e-06,8.434959999999999e-07,-1.342243e-06,2.053759892488913e-06,2.0230396578907074e-06,1.890166591659781e-06
-0.4066909999999999,2.162115e-06,8.33871e-07,-1.328244e-06,2.033408500150257e-06,2.012542157585678e-06,1.8758114327904838e-06
-0.405616,2.141552e-06,8.26871e-07,-1.314681e-06,2.011613204934392e-06,2.0022242488031024e-06,1.8624766929809998e-06
-0.4045419999999999,2.106553e-06,8.10246e-07,-1.296306e-06,1.989041164497011e-06,1.992184419358818e-06,1.8501627680034052e-06
-0.4034669999999999,2.059303e-06,7.87934e-07,-1.271369e-06,1.966390299160394e-06,1.982513898824672e-06,1.8388665758174623e-06
-0.402393,1.986678e-06,7.64309e-07,-1.222369e-06,1.944363269447162e-06,1.973295408905277e-06,1.8285817008917157e-06
-0.401318,1.860679e-06,7.15309e-07,-1.145369e-06,1.923641276099908e-06,1.964602073663929e-06,1.819298544910588e-06
-0.400244,1.666867e-06,6.47934e-07,-1.018932e-06,1.90485868788801e-06,1.9564965108582884e-06,1.811004483133892e-06
-0.399169,1.512868e-06,6.13809e-07,-8.99058e-07,1.8885794852735339e-06,1.9490301233107794e-06,1.8036840256804236e-06
-0.398095,1.500618e-06,5.92809e-07,-9.07808e-07,1.8752764428976984e-06,1.942242605925476e-06,1.797318983014069e-06
-0.39702,1.792866e-06,6.02872e-07,-1.189994e-06,1.8653138614824254e-06,1.9361616797110187e-06,1.791888634919029e-06
-0.3959459999999999,1.738179e-06,7.476839999999999e-07,-9.90495e-07,1.8589345059217133e-06,1.930803059115969e-06,1.7873699022603609e-06
-0.3948709999999999,1.702304e-06,8.53558e-07,-8.48746e-07,1.8562512219513394e-06,1.926170653363747e-06,1.7837375208371374e-06
-0.393797,1.812554e-06,8.18121e-07,-9.94433e-07,1.8572435027120396e-06,1.92225699658303e-06,1.7809642166482684e-06
-0.3927219999999999,1.938116e-06,8.47871e-07,-1.090245e-06,1.861759072500006e-06,1.9190438956639733e-06,1.779020881905562e-06
-0.391648,1.955616e-06,8.04996e-07,-1.150619e-06,1.8695203593257703e-06,1.916503279190577e-06,1.7778767511450485e-06
-0.390573,1.865054e-06,6.61497e-07,-1.203557e-06,1.8801355487447997e-06,1.9145982257121324e-06,1.7774995768060097e-06
-0.389499,1.803804e-06,5.949969999999999e-07,-1.208807e-06,1.8931137539236083e-06,1.91328414517567e-06,1.7778558036675552e-06
-0.388424,1.830491e-06,6.04184e-07,-1.226307e-06,1.9078837033849704e-06,1.9125100836474654e-06,1.7789107415549183e-06
-0.3873499999999999,1.882116e-06,6.57997e-07,-1.224119e-06,1.9238152385464478e-06,1.9122201185625286e-06,1.780628735751866e-06
-0.386275,1.953866e-06,7.26246e-07,-1.227619e-06,1.9402428276639194e-06,1.9123548096943053e-06,1.782973334581582e-06
-0.3852009999999999,2.009865e-06,7.79621e-07,-1.230244e-06,1.9564902416833365e-06,1.9128526698744896e-06,1.7859074536460362e-06
-0.3841259999999999,2.032178e-06,8.22933e-07,-1.209244e-06,1.9718955026440564e-06,1.913651619264974e-06,1.7893935362430902e-06
-0.383052,2.050553e-06,8.52683e-07,-1.197869e-06,1.985835208917386e-06,1.9146903877327708e-06,1.7933937095113644e-06
-0.3819769999999999,2.06499e-06,8.77621e-07,-1.187369e-06,1.997747365101564e-06,1.9159098316164447e-06,1.7978699358850208e-06
-0.380903,2.079428e-06,8.9862e-07,-1.180807e-06,2.007151897635286e-06,1.9172541338687837e-06,1.8027841594740097e-06
-0.3798289999999999,2.087303e-06,9.09995e-07,-1.177307e-06,2.0136681183608903e-06,1.9186718601428465e-06,1.8080984470197618e-06
-0.378754,2.090803e-06,9.23995e-07,-1.166807e-06,2.017028504459251e-06,1.9201168477516556e-06,1.8137751231115597e-06
-0.3776799999999999,2.091678e-06,9.24433e-07,-1.167244e-06,2.0170882908361496e-06,1.9215489094469945e-06,1.819776899384693e-06
-0.3766049999999999,2.103053e-06,9.32308e-07,-1.170744e-06,2.0138305162660482e-06,1.922934339485243e-06,1.8260669974576528e-06
-0.375531,2.102615e-06,9.32308e-07,-1.170307e-06,2.0073663232912243e-06,1.9242462153221696e-06,1.8326092654018927e-06
-0.3744559999999999,2.114428e-06,9.3362e-07,-1.180807e-06,1.9979304797656154e-06,1.9254644943406925e-06,1.839368287573733e-06
-0.373382,2.11399e-06,9.3887e-07,-1.175119e-06,1.985872262556921e-06,1.9265759110971795e-06,1.8463094876735964e-06
-0.372307,2.120115e-06,9.40183e-07,-1.179932e-06,1.9716420164952088e-06,1.927573686500279e-06,1.8533992249326367e-06
-0.371233,2.101303e-06,9.25308e-07,-1.175994e-06,1.9557738689133942e-06,1.9284570659350624e-06,1.860604883360728e-06
-0.370158,2.085115e-06,9.22245e-07,-1.162869e-06,1.9388652361437058e-06,1.92923070843423e-06,1.8678949540224289e-06
-0.3690839999999999,2.02649e-06,8.88996e-07,-1.137494e-06,1.9215538964457634e-06,1.9299039533944948e-06,1.8752391103386758e-06
-0.368009,1.931116e-06,8.53558e-07,-1.077557e-06,1.9044935166799965e-06,1.930489994857893e-06,1.8826082764413585e-06
-0.3669349999999999,1.811241e-06,7.94496e-07,-1.016745e-06,1.888328599824985e-06,1.9310049958499495e-06,1.8899746886353001e-06
-0.3658599999999999,1.630117e-06,7.37184e-07,-8.92933e-07,1.8736698595928328e-06,1.931467176534103e-06,1.8973119500473584e-06
-0.364786,1.445055e-06,6.80746e-07,-7.64309e-07,1.8610710205902892e-06,1.93189590988732e-06,1.904595078565132e-06
-0.363711,1.468243e-06,6.67184e-07,-8.010579999999999e-07,1.8510079840857584e-06,1.9323108571715636e-06,1.9118005481880683e-06
-0.362637,1.764867e-06,6.73747e-07,-1.09112e-06,1.8438611912474537e-06,1.9327311727076055e-06,1.918906323931552e-06
-0.361562,1.721117e-06,7.96683e-07,-9.24433e-07,1.839901864110418e-06,1.9331748035012366e-06,1.925891890439959e-06
-0.360488,1.688304e-06,9.43683e-07,-7.44621e-07,1.839282621257421e-06,1.933657904382562e-06,1.9327382744778874e-06
-0.359413,1.800304e-06,9.1612e-07,-8.84183e-07,1.8420327650483396e-06,1.9341943838163734e-06,1.9394280614800903e-06
-0.3583389999999999,1.940303e-06,9.48933e-07,-9.9137e-07,1.8480583346793187e-06,1.9347955897498114e-06,1.9459454063503502e-06
-0.3572639999999999,1.946866e-06,8.81121e-07,-1.065745e-06,1.8571468261222546e-06,1.9354701390672363e-06,1.9522760387079125e-06
-0.35619,1.844491e-06,7.24496e-07,-1.119995e-06,1.8689763043680958e-06,1.936223888651479e-06,1.9584072627873485e-06
-0.3551149999999999,1.795491e-06,6.676219999999999e-07,-1.127869e-06,1.8831284803919423e-06,1.9370600408808367e-06,1.9643279522039987e-06
-0.354041,1.834429e-06,6.87309e-07,-1.147119e-06,1.8991051969347906e-06,1.9379793717452947e-06,1.970028539802604e-06
-0.352967,1.904428e-06,7.50746e-07,-1.153682e-06,1.916347663490655e-06,1.9389805657249947e-06,1.9755010028114356e-06
-0.351892,1.976616e-06,8.23371e-07,-1.153244e-06,1.9342577012138915e-06,1.9400606382036615e-06,1.980738843528266e-06
-0.3508179999999999,2.006803e-06,8.73683e-07,-1.133119e-06,1.952220203161037e-06,1.9412154235595066e-06,1.9857370657679908e-06
-0.3497429999999999,2.037865e-06,9.20933e-07,-1.116932e-06,1.9696259857994584e-06,1.9424401052622528e-06,1.9904921473046903e-06
-0.348669,2.054053e-06,9.5637e-07,-1.097682e-06,1.985894205586028e-06,1.9437297633707774e-06,1.995002008543508e-06
-0.3475939999999999,2.06324e-06,9.80433e-07,-1.082807e-06,2.0004935400959227e-06,1.9450799148009514e-06,1.99926597765999e-06
-0.34652,2.07549e-06,1.00012e-06,-1.07537e-06,2.0129613855412575e-06,1.9464870226042183e-06,2.0032847524464957e-06
-0.345445,2.078553e-06,1.009745e-06,-1.068807e-06,2.022920399088109e-06,1.9479489522119324e-06,2.007060359106955e-06
-0.344371,2.074615e-06,1.015432e-06,-1.059182e-06,2.03009181187012e-06,1.9494653550767517e-06,2.0105961082425726e-06
-0.343296,2.085553e-06,1.020682e-06,-1.06487e-06,2.034305053392538e-06,1.9510379632789858e-06,2.0138965482720086e-06
-0.3422219999999999,2.091678e-06,1.02462e-06,-1.067057e-06,2.0355033565015093e-06,1.952670782348502e-06,2.01696741653004e-06
-0.341147,2.103928e-06,1.034682e-06,-1.069245e-06,2.0337451508000283e-06,1.95437017365955e-06,2.0198155882886908e-06
-0.3400729999999999,2.121428e-06,1.029432e-06,-1.091995e-06,2.0292011980598042e-06,1.956144822159876e-06,2.0224490239442062e-06
-0.3389979999999999,2.139803e-06,1.035557e-06,-1.104245e-06,2.0221475726356502e-06,1.9580055897661307e-06,2.024876714612002e-06
-0.337924,2.155552e-06,1.03512e-06,-1.120432e-06,2.012954739824154e-06,1.959965259359213e-06,2.02710862636975e-06
-0.336849,2.16999e-06,1.037745e-06,-1.132244e-06,2.0020731317533603e-06,1.9620381788028744e-06,2.029155643385998e-06
-0.335775,2.14199e-06,1.018057e-06,-1.123932e-06,1.990015759188567e-06,1.964239818633394e-06,2.03102951016809e-06
-0.3347,2.102178e-06,9.99245e-07,-1.102932e-06,1.9773385229774365e-06,1.966586260862178e-06,2.0327427731585316e-06
-0.333626,2.014678e-06,9.57245e-07,-1.057432e-06,1.9646189939707383e-06,1.9690936395202403e-06,2.034308721903246e-06
-0.332551,1.879491e-06,8.92058e-07,-9.87433e-07,1.9524345074515584e-06,1.9717775559719673e-06,2.0357413300082853e-06
-0.3314769999999999,1.695304e-06,8.31683e-07,-8.63621e-07,1.941340459441671e-06,1.974652493461649e-06,2.037055196093369e-06
-0.330402,1.513743e-06,7.80059e-07,-7.336839999999999e-07,1.9318496907212315e-06,1.977731255685638e-06,2.038265484941068e-06
-0.329328,1.534743e-06,7.70434e-07,-7.64309e-07,1.9244137955922093e-06,1.9810244533201952e-06,2.039387869029491e-06
-0.3282529999999999,1.833991e-06,7.66934e-07,-1.067057e-06,1.9194070964208777e-06,1.9845400603854727e-06,2.0404384706240587e-06
-0.327179,1.790679e-06,9.06933e-07,-8.83746e-07,1.9171138877676743e-06,1.988283059209505e-06,2.041433804590532e-06
-0.326104,1.781929e-06,1.061807e-06,-7.201209999999999e-07,1.9177193870638112e-06,1.992255188801929e-06,2.042390722077163e-06
-0.32503,1.892616e-06,1.007995e-06,-8.84621e-07,1.921304647207012e-06,1.99645480695282e-06,2.0433263551990337e-06
-0.3239559999999999,2.025615e-06,1.053495e-06,-9.7212e-07,1.927845504796919e-06,2.0008768716413672e-06,2.044258062842655e-06
-0.322881,2.074615e-06,9.9487e-07,-1.079745e-06,1.9372154678796363e-06,2.005513042636329e-06,2.0452033776940704e-06
-0.321807,1.956928e-06,8.36058e-07,-1.12087e-06,1.9491922972281587e-06,2.010351899702874e-06,2.0461799545792413e-06
-0.3207319999999999,1.927616e-06,7.82684e-07,-1.144932e-06,1.9634679099679946e-06,2.015379269748031e-06,2.0472055201916244e-06
-0.319658,1.966116e-06,8.11121e-07,-1.154994e-06,1.9796611350229114e-06,2.020578651632509e-06,2.0482978242687014e-06
-0.318583,2.008115e-06,8.67121e-07,-1.140994e-06,1.9973327750698064e-06,2.0259317242967244e-06,2.0494745922668596e-06
-0.317509,2.046615e-06,9.3187e-07,-1.114745e-06,2.0160023771127827e-06,2.0314189213186534e-06,2.050753479572537e-06
-0.316434,2.074615e-06,9.88308e-07,-1.086307e-06,2.035166081623832e-06,2.0370200530682577e-06,2.052152027276985e-06
-0.31536,2.110928e-06,1.04562e-06,-1.065307e-06,2.0543149076916074e-06,2.0427149562843252e-06,2.0536876195324466e-06
-0.314285,2.111365e-06,1.074057e-06,-1.037307e-06,2.0729528384610092e-06,2.0484841502084072e-06,2.055377442499019e-06
-0.3132109999999999,2.135865e-06,1.10687e-06,-1.028995e-06,2.090614096677893e-06,2.0543094783833276e-06,2.0572384448840496e-06
-0.3121359999999999,2.14024e-06,1.126119e-06,-1.01412e-06,2.106879042993989e-06,2.060174715851781e-06,2.0592873000695867e-06
-0.311062,2.147677e-06,1.142307e-06,-1.00537e-06,2.1213881878092783e-06,2.066066122741219e-06,2.061540369818158e-06
-0.309987,2.15774e-06,1.143619e-06,-1.01412e-06,2.133853878450267e-06,2.071972927043073e-06,2.0640136695429697e-06
-0.308913,2.159052e-06,1.149744e-06,-1.009308e-06,2.1440693049695084e-06,2.0778877217227896e-06,2.0667228351253914e-06
-0.307838,2.170427e-06,1.159369e-06,-1.011057e-06,2.1519145575394828e-06,2.0838067640591507e-06,2.0696830912603093e-06
-0.306764,2.187927e-06,1.158494e-06,-1.029432e-06,2.157359564322059e-06,2.0897301682288165e-06,2.072909221308494e-06
-0.305689,2.21199e-06,1.162432e-06,-1.049557e-06,2.160463839148545e-06,2.0956619855439148e-06,2.0764155386344344e-06
-0.3046149999999999,2.23299e-06,1.168557e-06,-1.064432e-06,2.1613730719006828e-06,2.1016101703333004e-06,2.0802158594080997e-06
-0.30354,2.265364e-06,1.175557e-06,-1.089807e-06,2.160312699736675e-06,2.107586433144991e-06,2.084323476849649e-06
-0.302466,2.303427e-06,1.182119e-06,-1.121307e-06,2.157578702591575e-06,2.1136059866449392e-06,2.0887511368971625e-06
-0.3013909999999999,2.332739e-06,1.178182e-06,-1.154557e-06,2.1535259693889083e-06,2.1196871931919705e-06,2.0935110152788773e-06
-0.300317,2.323552e-06,1.165494e-06,-1.158057e-06,2.1485546787841316e-06,2.1258511264614926e-06,2.0986146959730526e-06
-0.299242,2.251802e-06,1.127432e-06,-1.12437e-06,2.1430952252908747e-06,2.132121062533814e-06,2.1040731510402756e-06
-0.298168,2.088615e-06,1.060495e-06,-1.02812e-06,2.137592292033743e-06,2.1385219183990284e-06,2.109896721814658e-06
-0.2970939999999999,1.920178e-06,1.002745e-06,-9.17433e-07,2.1324887175577377e-06,2.14507965768825e-06,2.116095101441669e-06
-0.296019,1.775367e-06,9.60308e-07,-8.150579999999999e-07,2.128209818284163e-06,2.1518206844546847e-06,2.1226773187512116e-06
-0.294945,1.725492e-06,9.43683e-07,-7.81809e-07,2.125148804172812e-06,2.158771245870626e-06,2.129651723454747e-06
-0.2938699999999999,2.001553e-06,9.4412e-07,-1.057432e-06,2.1236538607898015e-06,2.1659568637307294e-06,2.1370259726548096e-06
-0.292796,1.942491e-06,1.065745e-06,-8.76746e-07,2.1240173700036876e-06,2.173401812721862e-06,2.1448070186541157e-06
-0.291721,2.01599e-06,1.238556e-06,-7.774339999999999e-07,2.1264676136463383e-06,2.1811286607127485e-06,2.1530010980498063e-06
-0.290647,2.15774e-06,1.200494e-06,-9.57245e-07,2.1311631633726563e-06,2.1891578830883967e-06,2.1616137220964175e-06
-0.289572,2.314802e-06,1.242931e-06,-1.07187e-06,2.1381900200568333e-06,2.1975075596827117e-06,2.170649668319151e-06
-0.288498,2.329239e-06,1.149307e-06,-1.179932e-06,2.147561439631353e-06,2.2061931593970814e-06,2.1801129733571655e-06
-0.287423,2.211552e-06,1.000995e-06,-1.210557e-06,2.159220277715673e-06,2.2152274143233384e-06,2.190006927015066e-06
-0.2863489999999999,2.18574e-06,9.81308e-07,-1.204432e-06,2.1730436065025127e-06,2.224620282233371e-06,2.200334067499622e-06
-0.2852739999999999,2.205865e-06,1.02637e-06,-1.179494e-06,2.1888493034156966e-06,2.2343789936971285e-06,2.2110961778180046e-06
-0.2842,2.21899e-06,1.088495e-06,-1.130495e-06,2.2064042779102876e-06,2.2445081778322367e-06,2.2222942833134996e-06
-0.2831249999999999,2.23999e-06,1.151494e-06,-1.088495e-06,2.2254339851800587e-06,2.2550100587379024e-06,2.233928650314586e-06
-0.282051,2.250052e-06,1.200057e-06,-1.049995e-06,2.2456328690336635e-06,2.2658847130011013e-06,2.245998785873517e-06
-0.280976,2.277177e-06,1.257806e-06,-1.01937e-06,2.266675377957393e-06,2.277130377285101e-06,2.258503438571009e-06
-0.279902,2.298177e-06,1.296306e-06,-1.00187e-06,2.28822720680959e-06,2.2887437939356247e-06,2.2714406003643807e-06
-0.278827,2.323552e-06,1.328244e-06,-9.95308e-07,2.309956430733214e-06,2.3007205817886993e-06,2.284807509457426e-06
-0.2777529999999999,2.341927e-06,1.350556e-06,-9.9137e-07,2.331544217021706e-06,2.31305561895281e-06,2.2986006541715224e-06
-0.276678,2.353301e-06,1.364556e-06,-9.88745e-07,2.3526948242173315e-06,2.3257434242755555e-06,2.312815777798881e-06
-0.2756039999999999,2.367739e-06,1.375493e-06,-9.92245e-07,2.3731446250762166e-06,2.338778524491797e-06,2.327447884420482e-06
-0.2745289999999999,2.371676e-06,1.382056e-06,-9.8962e-07,2.392669920625264e-06,2.3521557946772685e-06,2.3424912456730692e-06
-0.273455,2.386989e-06,1.385118e-06,-1.00187e-06,2.411093345855673e-06,2.3658707605815134e-06,2.357939408451529e-06
-0.27238,2.404051e-06,1.399556e-06,-1.004495e-06,2.4282887033344826e-06,2.3799198526641152e-06,2.3737852035350646e-06
-0.271306,2.431614e-06,1.411368e-06,-1.020245e-06,2.4441840991963806e-06,2.3943006031833804e-06,2.390020755127733e-06
-0.270231,2.467926e-06,1.420993e-06,-1.046932e-06,2.458763297045813e-06,2.409011779461838e-06,2.4066374913061195e-06
-0.269157,2.511238e-06,1.431931e-06,-1.079307e-06,2.472065250060052e-06,2.4240534484533514e-06,2.4236261553691396e-06
-0.2680829999999999,2.558488e-06,1.447681e-06,-1.110807e-06,2.4841818209889368e-06,2.439426969935399e-06,2.4409768180871474e-06
-0.2670079999999999,2.632425e-06,1.465618e-06,-1.166807e-06,2.495253754526405e-06,2.4551349180135464e-06,2.4586788908496627e-06
-0.265934,2.716425e-06,1.471743e-06,-1.244681e-06,2.5054650267166953e-06,2.4711809331062073e-06,2.47672113971304e-06
-0.264859,2.743987e-06,1.458618e-06,-1.285369e-06,2.5150357604513895e-06,2.4875695091084795e-06,2.4950917003512485e-06
-0.263785,2.6473e-06,1.415306e-06,-1.231994e-06,2.524213961698694e-06,2.504305722916774e-06,2.5137780939144974e-06
-0.26271,2.505113e-06,1.368056e-06,-1.137057e-06,2.5332663925946417e-06,2.521394915798101e-06,2.5327672438016028e-06
-0.261636,2.319177e-06,1.323869e-06,-9.95308e-07,2.5424689474012746e-06,2.538842338042581e-06,2.5520454933525983e-06
-0.260561,2.189677e-06,1.286244e-06,-9.03433e-07,2.5520969269570847e-06,2.5566527697646735e-06,2.5715986244679736e-06
-0.2594869999999999,2.308239e-06,1.278806e-06,-1.029432e-06,2.5624156091624203e-06,2.5748301314643244e-06,2.591411877159933e-06
-0.258412,2.280239e-06,1.350994e-06,-9.29245e-07,2.5736714838668442e-06,2.5933770979466566e-06,2.6114699700391384e-06
-0.257338,2.512988e-06,1.518118e-06,-9.9487e-07,2.5860844629715344e-06,2.6122947284627204e-06,2.6317571217375926e-06
-0.2562629999999999,2.761925e-06,1.576305e-06,-1.185619e-06,2.5998412994709826e-06,2.63158212462136e-06,2.6522570732647724e-06
-0.255189,2.899737e-06,1.57018e-06,-1.329556e-06,2.6150903652677148e-06,2.65123612595479e-06,2.6729531112900617e-06
-0.254114,2.779862e-06,1.413556e-06,-1.366306e-06,2.6319378598247047e-06,2.671251051230076e-06,2.693828092340217e-06
-0.25304,2.669175e-06,1.350994e-06,-1.318181e-06,2.6504454593354893e-06,2.6916184918620763e-06,2.7148644678961914e-06
-0.251965,2.64205e-06,1.378993e-06,-1.263056e-06,2.6706293721736245e-06,2.712327162177957e-06,2.736044310369262e-06
-0.250891,2.63155e-06,1.437618e-06,-1.193932e-06,2.6924607379107474e-06,2.733362809787819e-06,2.75734933993204e-06
-0.2498159999999999,2.65605e-06,1.497555e-06,-1.158494e-06,2.7158672877723256e-06,2.754708187855711e-06,2.77876095217553e-06
-0.248742,2.69805e-06,1.562742e-06,-1.135307e-06,2.7407361679286703e-06,2.7763430895736665e-06,2.8002602465589127e-06
-0.247667,2.766737e-06,1.629242e-06,-1.137494e-06,2.766917810090667e-06,2.7982444435997384e-06,2.8218280556141743e-06
-0.2465929999999999,2.813112e-06,1.68743e-06,-1.125682e-06,2.7942307160981193e-06,2.820386467662337e-06,2.8434449748631156e-06
-0.245518,2.854674e-06,1.720242e-06,-1.134432e-06,2.8224670060864597e-06,2.8427408760228436e-06,2.865091393399749e-06
-0.244444,2.880487e-06,1.744742e-06,-1.135744e-06,2.851398565472526e-06,2.8652771350990995e-06,2.8867475250867287e-06
-0.243369,2.907174e-06,1.757867e-06,-1.149307e-06,2.8807836159833866e-06,2.887962760344907e-06,2.908393440310338e-06
-0.2422949999999999,2.918112e-06,1.768804e-06,-1.149307e-06,2.910373530821248e-06,2.9107636464947322e-06,2.930009098234735e-06
-0.24122,2.933861e-06,1.772742e-06,-1.161119e-06,2.939919713369062e-06,2.933644422535936e-06,2.9515743794926815e-06
-0.240146,2.939549e-06,1.775367e-06,-1.164182e-06,2.9691803615124843e-06,2.956568822264158e-06,2.973069119246836e-06
-0.2390719999999999,2.967549e-06,1.792429e-06,-1.175119e-06,2.997926944446188e-06,2.9795000610032536e-06,2.994473140552953e-06
-0.237997,2.988111e-06,1.807741e-06,-1.180369e-06,3.0259502247976333e-06,3.0024012090202626e-06,3.015766287953975e-06
-0.236923,3.015674e-06,1.822616e-06,-1.193057e-06,3.053065665696927e-06,3.0252355523330136e-06,3.036928461232022e-06
-0.235848,3.044986e-06,1.841429e-06,-1.203557e-06,3.0791180704497258e-06,3.047966931994109e-06,3.057939649243754e-06
-0.2347739999999999,3.077798e-06,1.859804e-06,-1.217994e-06,3.1039853128289424e-06,3.070560053547058e-06,3.078779963763449e-06
-0.233699,3.116298e-06,1.881241e-06,-1.235056e-06,3.127581030297059e-06,3.092980759198091e-06,3.09942967325751e-06
-0.232625,3.179735e-06,1.898304e-06,-1.281431e-06,3.1498561725752768e-06,3.1151962563402695e-06,3.1198692365139383e-06
-0.2315499999999999,3.249298e-06,1.916241e-06,-1.333056e-06,3.170799325759322e-06,3.13717529741026e-06,3.140079336050644e-06
-0.230476,3.36611e-06,1.931553e-06,-1.434556e-06,3.190435769194578e-06,3.1588883076492927e-06,3.1600409112273344e-06
-0.229401,3.485547e-06,1.944678e-06,-1.540868e-06,3.208825269334726e-06,3.1803074591596042e-06,3.1797351909870392e-06
-0.228327,3.506984e-06,1.942928e-06,-1.564055e-06,3.226058671128053e-06,3.201406691651241e-06,3.1991437261551388e-06
-0.2272519999999999,3.282985e-06,1.874679e-06,-1.408306e-06,3.2422534100884205e-06,3.222161682376873e-06,3.2182484212259555e-06
-0.226178,3.058986e-06,1.808179e-06,-1.250806e-06,3.2575481310701724e-06,3.2425497698189554e-06,3.2370315655693905e-06
-0.225103,2.952674e-06,1.770992e-06,-1.181682e-06,3.272096654055042e-06,3.2625498375434897e-06,3.2554758639926263e-06
-0.2240289999999999,2.959674e-06,1.749992e-06,-1.209682e-06,3.2860615633659896e-06,3.2821421660765156e-06,3.2735644665943155e-06
-0.2229539999999999,3.16836e-06,1.799866e-06,-1.368493e-06,3.2996077077687775e-06,3.301308261552285e-06,3.291280997850864e-06
-0.22188,3.539796e-06,1.936366e-06,-1.60343e-06,3.312895884030665e-06,3.320030670191529e-06,3.30860958487629e-06
-0.220805,3.477671e-06,1.843616e-06,-1.634055e-06,3.326076941556447e-06,3.3382927874801996e-06,3.325534884798865e-06
-0.2197309999999999,3.316235e-06,1.777554e-06,-1.53868e-06,3.3392865006443355e-06,3.3560786703935424e-06,3.3420421111993487e-06
-0.218656,3.263735e-06,1.787617e-06,-1.476118e-06,3.352640430929925e-06,3.37337286030101e-06,3.3581170595573644e-06
-0.217582,3.27336e-06,1.847116e-06,-1.426243e-06,3.366231194521834e-06,3.3901602233777394e-06,3.373746131654349e-06
-0.2165069999999999,3.324547e-06,1.935053e-06,-1.389493e-06,3.3801251202792626e-06,3.4064258144464956e-06,3.388916358883531e-06
-0.2154329999999999,3.403734e-06,2.019928e-06,-1.383806e-06,3.394360639829036e-06,3.4221547691608327e-06,3.403615424419571e-06
-0.214358,3.457546e-06,2.067178e-06,-1.390368e-06,3.408947481607419e-06,3.4373322283203556e-06,3.417831684202752e-06
-0.213284,3.474609e-06,2.07549e-06,-1.399118e-06,3.4238667879038518e-06,3.4519432969271045e-06,3.4315541866950396e-06
-0.2122099999999999,3.490359e-06,2.072428e-06,-1.417931e-06,3.4390720940679867e-06,3.465973039413445e-06,3.4447726913679454e-06
-0.211135,3.496046e-06,2.063678e-06,-1.432368e-06,3.4544910905883624e-06,3.4794065113534708e-06,3.457477685884955e-06
-0.210061,3.497359e-06,2.050115e-06,-1.447243e-06,3.4700280779733047e-06,3.4922288269436438e-06,3.469660401944349e-06
-0.2089859999999999,3.506984e-06,2.047053e-06,-1.45993e-06,3.4855670200415045e-06,3.50442526061056e-06,3.481312829751585e-06
-0.2079119999999999,3.507421e-06,2.040053e-06,-1.467368e-06,3.500975101207652e-06,3.5159813802644815e-06,3.4924277310939005e-06
-0.206837,3.511359e-06,2.039178e-06,-1.47218e-06,3.5161066952227336e-06,3.526883208951329e-06,3.502998650993472e-06
-0.205763,3.513546e-06,2.043115e-06,-1.47043e-06,3.530807654429369e-06,3.537117410950135e-06,3.513019927919278e-06
-0.2046879999999999,3.511796e-06,2.04224e-06,-1.469555e-06,3.5449198282451907e-06,3.5466714977101928e-06,3.522486702541725e-06
-0.203614,3.512671e-06,2.043115e-06,-1.469555e-06,3.5582857162312804e-06,3.555534048422424e-06,3.531394925018081e-06
-0.202539,3.510046e-06,2.044865e-06,-1.46518e-06,3.570753154352956e-06,3.5636949394806597e-06,3.539741360800844e-06
-0.2014649999999999,3.520546e-06,2.047928e-06,-1.472618e-06,3.5821799232327675e-06,3.571145576626786e-06,3.547523594965254e-06
-0.2003899999999999,3.525359e-06,2.048365e-06,-1.476993e-06,3.5924381554206185e-06,3.5778791232138126e-06,3.5547400350563706e-06
-0.199316,3.542858e-06,2.055365e-06,-1.487493e-06,3.6014184068078145e-06,3.5838907177961354e-06,3.561389912460369e-06
-0.198241,3.574796e-06,2.060178e-06,-1.514618e-06,3.6090332478216445e-06,3.5891776742072376e-06,3.567473282309026e-06
-0.1971669999999999,3.618108e-06,2.060615e-06,-1.557493e-06,3.615220226010115e-06,3.593739657457357e-06,3.5729910219308366e-06
-0.196092,3.693358e-06,2.06849e-06,-1.624867e-06,3.6199440563652097e-06,3.5975788292230893e-06,3.577944827866745e-06
-0.195018,3.84867e-06,2.076803e-06,-1.771867e-06,3.623197912361887e-06,3.6006999574470393e-06,3.5823372114731932e-06
-0.193943,3.94492e-06,2.088615e-06,-1.856304e-06,3.6250037215117793e-06,3.603110485641055e-06,3.586171493140057e-06
-0.1928689999999999,3.895482e-06,2.115303e-06,-1.780179e-06,3.625411414778966e-06,3.6048205588815004e-06,3.589451795155992e-06
-0.191794,3.608921e-06,2.05624e-06,-1.55268e-06,3.6244971370667126e-06,3.6058430051378465e-06,3.5921830332587417e-06
-0.19072,3.359547e-06,1.945116e-06,-1.414431e-06,3.6223604899436993e-06,3.6061932723591454e-06,3.5943709069128275e-06
-0.1896449999999999,3.313172e-06,1.858929e-06,-1.454243e-06,3.6191209383604393e-06,3.6058893234737053e-06,3.5960218883616815e-06
-0.188571,3.486859e-06,1.834866e-06,-1.651992e-06,3.6149135602664727e-06,3.6049514929431094e-06,3.5971432105053484e-06
-0.187496,3.782608e-06,1.904866e-06,-1.877741e-06,3.609884345173775e-06,3.603402309620394e-06,3.5977428536583324e-06
-0.186422,3.68767e-06,1.841866e-06,-1.845804e-06,3.604185254468128e-06,3.6012662913696985e-06,3.597829531244965e-06
-0.1853469999999999,3.550296e-06,1.799866e-06,-1.750429e-06,3.5979692478557223e-06,3.598569717284407e-06,3.597412674491779e-06
-0.184273,3.511359e-06,1.839679e-06,-1.67168e-06,3.5913854636707513e-06,3.5953403834979954e-06,3.596502416178006e-06
-0.183199,3.528421e-06,1.920178e-06,-1.608242e-06,3.5845747205576837e-06,3.5916073485869884e-06,3.5951095735064685e-06
-0.1821239999999999,3.563421e-06,1.998928e-06,-1.564493e-06,3.577665485655398e-06,3.587400674435713e-06,3.5932456301578114e-06
-0.18105,3.589671e-06,2.039178e-06,-1.550493e-06,3.5707704296633343e-06,3.5827511681618173e-06,3.5909227175912725e-06
-0.179975,3.587921e-06,2.030428e-06,-1.557493e-06,3.5639836624502555e-06,3.5776901302967724e-06,3.588153595654924e-06
-0.178901,3.582671e-06,2.011616e-06,-1.571055e-06,3.557378715675679e-06,3.5722491139060246e-06,3.5849516325676487e-06
-0.1778259999999999,3.566921e-06,1.987991e-06,-1.57893e-06,3.5510073129812773e-06,3.566459698755524e-06,3.5813307843340797e-06
-0.176752,3.549859e-06,1.970491e-06,-1.579367e-06,3.544898944698653e-06,3.5603532840115575e-06,3.577305573652274e-06
-0.175677,3.545484e-06,1.954741e-06,-1.590742e-06,3.5390612427181416e-06,3.553960902310603e-06,3.572891068372138e-06
-0.1746029999999999,3.528859e-06,1.941616e-06,-1.587242e-06,3.5334811314631093e-06,3.5473130573561944e-06,3.5681028595605186e-06
-0.173528,3.517046e-06,1.935928e-06,-1.581117e-06,3.5281267118726097e-06,3.5404395864885036e-06,3.5629570392264578e-06
-0.172454,3.501734e-06,1.925428e-06,-1.576305e-06,3.5229498160966033e-06,3.533369548930326e-06,3.5574701777573723e-06
-0.171379,3.481172e-06,1.918429e-06,-1.562742e-06,3.5178891507437945e-06,3.52613113964632e-06,3.5516593011139207e-06
-0.1703049999999999,3.468922e-06,1.917116e-06,-1.551805e-06,3.512873925861506e-06,3.518751627972783e-06,3.5455418678280307e-06
-0.16923,3.458421e-06,1.916678e-06,-1.541743e-06,3.50782784566845e-06,3.511257319401157e-06,3.5391357458450683e-06
-0.168156,3.446172e-06,1.911866e-06,-1.534305e-06,3.5026733162008393e-06,3.503673538155268e-06,3.532459189247502e-06
-0.1670809999999999,3.440484e-06,1.910116e-06,-1.530368e-06,3.497335705820219e-06,3.4960246275230565e-06,3.5255308148936178e-06
-0.166007,3.447922e-06,1.907491e-06,-1.54043e-06,3.491747478875408e-06,3.4883339643287327e-06,3.5183695790010075e-06
-0.164932,3.463234e-06,1.905304e-06,-1.55793e-06,3.4858520131061085e-06,3.480623983507542e-06,3.5109947537007574e-06
-0.163858,3.505671e-06,1.913616e-06,-1.592055e-06,3.4796069103572166e-06,3.4729162085227144e-06,3.503425903584524e-06
-0.1627829999999999,3.573046e-06,1.914491e-06,-1.658555e-06,3.4729866206671276e-06,3.4652312833920204e-06,3.495682862263132e-06
-0.161709,3.677608e-06,1.926741e-06,-1.750867e-06,3.4659842243078604e-06,3.4575890024114444e-06,3.4877857089520385e-06
-0.160634,3.769483e-06,1.936366e-06,-1.833116e-06,3.4586122564364636e-06,3.4500083342990975e-06,3.479754745095957e-06
-0.1595599999999999,3.753295e-06,1.960428e-06,-1.792867e-06,3.4509025143464355e-06,3.442507438423441e-06,3.471610471042211e-06
-0.158485,3.510046e-06,1.930678e-06,-1.579367e-06,3.4429048546449776e-06,3.435103671964703e-06,3.4633735627699345e-06
-0.157411,3.227423e-06,1.821304e-06,-1.406118e-06,3.4346850601232157e-06,3.4278135881621333e-06,3.4550648486800113e-06
-0.156336,3.17011e-06,1.737304e-06,-1.432806e-06,3.426321923480048e-06,3.420652927041394e-06,3.4467052864483755e-06
-0.1552619999999999,3.079548e-06,1.698367e-06,-1.381181e-06,3.417903746296846e-06,3.4136366009984384e-06,3.438315939942976e-06
-0.154188,3.200298e-06,1.753054e-06,-1.447243e-06,3.409524478438717e-06,3.406778678189146e-06,3.4299179562020977e-06
-0.153113,3.510922e-06,1.868116e-06,-1.642805e-06,3.4012797232823256e-06,3.400092366794691e-06,3.4215325424689016e-06
-0.1520389999999999,3.604546e-06,1.787179e-06,-1.817366e-06,3.39326281286186e-06,3.3935900029802873e-06,3.4131809432740272e-06
-0.150964,3.447484e-06,1.674305e-06,-1.773179e-06,3.385561123990394e-06,3.3872830449013765e-06,3.404884417555151e-06
-0.14989,3.35736e-06,1.666867e-06,-1.690492e-06,3.3782527718079197e-06,3.381182074605737e-06,3.396664215799632e-06
-0.148815,3.326735e-06,1.705367e-06,-1.621367e-06,3.3714037874077196e-06,3.3752968092384104e-06,3.3885415571939444e-06
-0.1477409999999999,3.338985e-06,1.778429e-06,-1.560555e-06,3.3650658623421325e-06,3.3696361225970666e-06,3.3805376067615533e-06
-0.146666,3.353422e-06,1.856304e-06,-1.497118e-06,3.359274722549628e-06,3.364208077768389e-06,3.3726734524692365e-06
-0.145592,3.372235e-06,1.901804e-06,-1.47043e-06,3.354049174779718e-06,3.359019971255093e-06,3.364970082280479e-06
-0.144517,3.368297e-06,1.917991e-06,-1.450306e-06,3.349390848609136e-06,3.3540783886584637e-06,3.357448361133553e-06
-0.143443,3.359985e-06,1.918429e-06,-1.441556e-06,3.345284636811366e-06,3.3493892716192863e-06,3.350129007821207e-06
-0.142368,3.342922e-06,1.903116e-06,-1.439806e-06,3.3416998168170313e-06,3.344957995356036e-06,3.343032571748567e-06
-0.141294,3.328485e-06,1.892179e-06,-1.436306e-06,3.338591816607876e-06,3.340789455783286e-06,3.3361794095459463e-06
-0.1402189999999999,3.310547e-06,1.882991e-06,-1.427556e-06,3.335904569409566e-06,3.336888164846334e-06,3.32958966151371e-06
-0.139145,3.29961e-06,1.878179e-06,-1.421431e-06,3.3335733824910393e-06,3.33325835236591e-06,3.3232832278772113e-06
-0.13807,3.291297e-06,1.872054e-06,-1.419243e-06,3.331528225852561e-06,3.329904072346646e-06,3.31727974483106e-06
-0.136996,3.28561e-06,1.869866e-06,-1.415743e-06,3.329697326633357e-06,3.326829311368483e-06,3.311598560353641e-06
-0.135921,3.28561e-06,1.871616e-06,-1.413993e-06,3.328010935330298e-06,3.324038096364161e-06,3.3062587097748298e-06
-0.134847,3.281235e-06,1.871179e-06,-1.410056e-06,3.3264051116396984e-06,3.3215345988106815e-06,3.301278891082318e-06
-0.133772,3.289985e-06,1.874679e-06,-1.415306e-06,3.3248253626813027e-06,3.3193232321578036e-06,3.296677439954869e-06
-0.1326979999999999,3.292172e-06,1.884741e-06,-1.407431e-06,3.3232299566730312e-06,3.317408739217286e-06,3.292472304514156e-06
-0.131623,3.323672e-06,1.889554e-06,-1.434118e-06,3.3215927331369334e-06,3.315796266279831e-06,3.288681019790655e-06
-0.130549,3.371797e-06,1.904428e-06,-1.467368e-06,3.319905238798144e-06,3.314491420949266e-06,3.2853206819034035e-06
-0.129474,3.424734e-06,1.914928e-06,-1.509805e-06,3.318178038658438e-06,3.3135003111178266e-06,3.2824079219582593e-06
-0.1284,3.518359e-06,1.928491e-06,-1.589867e-06,3.3164410859045435e-06,3.3128295631751144e-06,3.279958879674639e-06
-0.127326,3.617234e-06,1.937678e-06,-1.679555e-06,3.314743082871147e-06,3.3124863184498403e-06,3.2779891767565304e-06
-0.126251,3.611108e-06,1.949053e-06,-1.662055e-06,3.3131498268858328e-06,3.3124782079998075e-06,3.27651389002985e-06
-0.1251769999999999,3.365672e-06,1.895679e-06,-1.469993e-06,3.3117416054349053e-06,3.312813307117779e-06,3.2755475243747865e-06
-0.1241019999999999,3.103611e-06,1.799866e-06,-1.303744e-06,3.3106097773768512e-06,3.313500072179672e-06,3.2751039854885683e-06
-0.123028,2.980674e-06,1.731179e-06,-1.249494e-06,3.3098527407237316e-06,3.3145472635501926e-06,3.275196552520839e-06
-0.1219529999999999,3.145173e-06,1.708429e-06,-1.436743e-06,3.3095715319862176e-06,3.3159638589929463e-06,3.2758378506303407e-06
-0.120879,3.056361e-06,1.749117e-06,-1.307244e-06,3.309865319378328e-06,3.317758962272782e-06,3.277039823517719e-06
-0.119804,3.149111e-06,1.896991e-06,-1.252119e-06,3.310827040617178e-06,3.3199417113600046e-06,3.2788137059949227e-06
-0.1187299999999999,3.370922e-06,1.969178e-06,-1.401743e-06,3.3125394008243844e-06,3.3225211899405844e-06,3.2811699966569105e-06
-0.117655,3.552921e-06,1.942928e-06,-1.609992e-06,3.3150713970916686e-06,3.3255063449778884e-06,3.284118430726358e-06
-0.1165809999999999,3.485984e-06,1.807304e-06,-1.67868e-06,3.318475484844289e-06,3.3289059120574816e-06,3.2876679531468696e-06
-0.115506,3.345547e-06,1.714992e-06,-1.630555e-06,3.3227854563899405e-06,3.332728349341045e-06,3.2918266920050587e-06
-0.1144319999999999,3.292172e-06,1.722429e-06,-1.569743e-06,3.3280150686493937e-06,3.3369817802467788e-06,3.2966019323667057e-06
-0.113357,3.275548e-06,1.770992e-06,-1.504555e-06,3.3341574344536223e-06,3.3416739444614623e-06,3.302000090617078e-06
-0.112283,3.296985e-06,1.843179e-06,-1.453806e-06,3.3411851756837855e-06,3.3468121565104224e-06,3.3080266894002646e-06
-0.111208,3.338985e-06,1.917991e-06,-1.420993e-06,3.3490513219934127e-06,3.3524032707917468e-06,3.3146863332569264e-06
-0.110134,3.363922e-06,1.984053e-06,-1.379868e-06,3.3576909228350406e-06,3.358453651677392e-06,3.3219826850641203e-06
-0.1090589999999999,3.380109e-06,2.009865e-06,-1.370243e-06,3.3670233225046087e-06,3.3649691469960045e-06,3.3299184433847945e-06
-0.107985,3.384922e-06,2.021678e-06,-1.363243e-06,3.3769550290361245e-06,3.3719550629663345e-06,3.3384953208381114e-06
-0.1069099999999999,3.389297e-06,2.025178e-06,-1.364118e-06,3.387383089479337e-06,3.3794161384759733e-06,3.3477140236049923e-06
-0.105836,3.386672e-06,2.024303e-06,-1.362368e-06,3.3981988673328574e-06,3.3873565165171337e-06,3.3575742321861312e-06
-0.1047609999999999,3.382297e-06,2.01949e-06,-1.362806e-06,3.409292102978981e-06,3.3957797106047795e-06,3.368074583532186e-06
-0.103687,3.384484e-06,2.02299e-06,-1.361493e-06,3.4205551247681485e-06,3.404688564108626e-06,3.3792126546678577e-06
-0.102612,3.391047e-06,2.024303e-06,-1.366743e-06,3.4318870668193286e-06,3.4140852006224525e-06,3.390984947933117e-06
-0.1015379999999999,3.400234e-06,2.032178e-06,-1.368056e-06,3.4431979398582597e-06,3.4239709637677574e-06,3.4033868779658696e-06
-0.100463,3.411172e-06,2.033928e-06,-1.377243e-06,3.4544123942611832e-06,3.4343463451863292e-06,3.416412760550835e-06
-0.099389504,3.430422e-06,2.04749e-06,-1.382931e-06,3.4654730112388994e-06,3.4452108999275124e-06,3.4300558034593543e-06
-0.098315016,3.471109e-06,2.061053e-06,-1.410056e-06,3.476342960607365e-06,3.4565631489965523e-06,3.444308099404227e-06
-0.097240536,3.508297e-06,2.071553e-06,-1.436743e-06,3.4870078739780574e-06,3.468400469519754e-06,3.4591606212324564e-06
-0.096166048,3.571734e-06,2.086865e-06,-1.484868e-06,3.4974768026453433e-06,3.480718973819036e-06,3.4746032194770567e-06
-0.095091576,3.657046e-06,2.103928e-06,-1.553118e-06,3.50778216182115e-06,3.493513379685587e-06,3.490624622386702e-06
-0.094017096,3.760295e-06,2.117053e-06,-1.643242e-06,3.517978608238103e-06,3.506776875298582e-06,3.5072124385491163e-06
-0.092942608,3.84692e-06,2.137615e-06,-1.709304e-06,3.528140856135352e-06,3.5205009835251383e-06,3.5243531622205265e-06
-0.091868136,3.772545e-06,2.136303e-06,-1.636242e-06,3.5383605046661297e-06,3.5346754316999005e-06,3.542032181469267e-06
-0.090793648,3.509171e-06,2.07024e-06,-1.438931e-06,3.548742022264561e-06,3.5492880343062427e-06,3.5602337892365885e-06
-0.089719168,3.27161e-06,1.973991e-06,-1.297619e-06,3.5593981017016274e-06,3.564324597102728e-06,3.5789411974116965e-06
-0.088644688,3.219548e-06,1.921928e-06,-1.297619e-06,3.570444652496555e-06,3.5797688519609036e-06,3.5981365540108756e-06
-0.087570208,3.443109e-06,1.917553e-06,-1.525555e-06,3.5819957247477005e-06,3.5956024318211785e-06,3.617800963542072e-06
-0.086495728,3.397172e-06,2.001115e-06,-1.396056e-06,3.5941586544790687e-06,3.6118048946297182e-06,3.6379145106263646e-06
-0.08542124,3.435672e-06,2.141552e-06,-1.294119e-06,3.607029686461336e-06,3.6283538039121483e-06,3.6584562869364634e-06
-0.08434676,3.594921e-06,2.17349e-06,-1.421431e-06,3.6206902739506125e-06,3.645224871907152e-06,3.6794044214998173e-06
-0.08327228,3.820232e-06,2.16824e-06,-1.651992e-06,3.6352041872999903e-06,3.6623921691285323e-06,3.7007361144003064e-06
-0.0821978,3.867483e-06,2.08249e-06,-1.784992e-06,3.650615496522576e-06,3.6798284020587996e-06,3.7224276738981332e-06
-0.08112332,3.728795e-06,1.977928e-06,-1.750867e-06,3.6669474358794318e-06,3.69750525857589e-06,3.74445455697253e-06
-0.08004884,3.673233e-06,1.968303e-06,-1.704929e-06,3.684202116715918e-06,3.715393818788031e-06,3.7667914132764323e-06
-0.07897436,3.671483e-06,2.029553e-06,-1.64193e-06,3.702361028567567e-06,3.7334650272321656e-06,3.789412132476382e-06
-0.077899872,3.701671e-06,2.133678e-06,-1.567993e-06,3.7213862544592722e-06,3.7516902208445614e-06,3.8122898949346465e-06
-0.076825392,3.756358e-06,2.228615e-06,-1.527743e-06,3.7412223191629184e-06,3.7700417056783835e-06,3.835397225673851e-06
-0.07575092,3.78392e-06,2.279802e-06,-1.504118e-06,3.7617985847697053e-06,3.788493373980198e-06,3.858706051547294e-06
-0.074676432,3.80492e-06,2.314364e-06,-1.490555e-06,3.783032104211044e-06,3.8070213519405265e-06,3.882187761520627e-06
-0.073601952,3.815857e-06,2.322677e-06,-1.49318e-06,3.8048308398805718e-06,3.82560466722517e-06,3.905813269952809e-06
-0.072527472,3.815857e-06,2.329239e-06,-1.486618e-06,3.8270971513102035e-06,3.844225924304088e-06,3.9295530827462465e-06
-0.071452992,3.828982e-06,2.329239e-06,-1.499743e-06,3.849731452710502e-06,3.862871974647199e-06,3.953377366217888e-06
-0.070378512,3.84167e-06,2.336677e-06,-1.504993e-06,3.8726359375231955e-06,3.881534568067524e-06,3.97725601852493e-06
-0.069304024,3.84517e-06,2.336239e-06,-1.50893e-06,3.89571826235658e-06,3.900210970874818e-06,4.001158743460659e-06
-0.068229552,3.861795e-06,2.344552e-06,-1.517243e-06,3.918895076573325e-06,3.91890453607372e-06,4.025055126417976e-06
-0.067155064,3.884107e-06,2.355489e-06,-1.528618e-06,3.942095276815817e-06,3.937625210623591e-06,4.048914712300451e-06
-0.066080584,3.910794e-06,2.366427e-06,-1.544368e-06,3.965262859072469e-06,3.956389964805776e-06,4.072707085143373e-06
-0.065006108,3.944482e-06,2.379989e-06,-1.564493e-06,3.988359236414052e-06,3.975223129058905e-06,4.096401949190405e-06
-0.06393162,3.99392e-06,2.400551e-06,-1.593367e-06,4.011364890766391e-06,3.994156624291329e-06,4.119969211155223e-06
-0.062857144,4.049919e-06,2.418489e-06,-1.63143e-06,4.034280234917002e-06,4.0132300727109865e-06,4.1433790633820745e-06
-0.06178266,4.130856e-06,2.439926e-06,-1.690929e-06,4.057125579314658e-06,4.0324907776725745e-06,4.166602067604703e-06
-0.06070818,4.247231e-06,2.458301e-06,-1.788929e-06,4.079940129678945e-06,4.05199356296505e-06,4.189609238989653e-06
-0.0596337,4.375855e-06,2.486301e-06,-1.889554e-06,4.1027799876484895e-06,4.071800464364612e-06,4.21237213013779e-06
-0.058559216,4.477355e-06,2.522176e-06,-1.955178e-06,4.125715187697795e-06,4.091980269143203e-06,4.234862914706965e-06
-0.057484736,4.428355e-06,2.557613e-06,-1.870741e-06,4.148825876861831e-06,4.112607902487179e-06,4.257054470309285e-06
-0.056410256,4.211356e-06,2.549738e-06,-1.661617e-06,4.172197823514542e-06,4.133763663320256e-06,4.278920460328347e-06
-0.055335776,3.973794e-06,2.476676e-06,-1.497118e-06,4.19591751783841e-06,4.1555323156458904e-06,4.300435414294981e-06
-0.054261292,3.891545e-06,2.381301e-06,-1.510243e-06,4.220067187171879e-06,4.178002044982811e-06,4.3215748064545955e-06
-0.053186812,4.033731e-06,2.332739e-06,-1.700992e-06,4.244720081632211e-06,4.201263292517053e-06,4.342315132154762e-06
-0.052112328,4.015794e-06,2.393551e-06,-1.622242e-06,4.269936380752434e-06,4.2254074820533555e-06,4.362633981678402e-06
-0.051037852,4.000919e-06,2.484988e-06,-1.51593e-06,4.295760028838611e-06,4.2505256566545906e-06,4.382510111145806e-06
-0.049963368,4.129106e-06,2.494613e-06,-1.634492e-06,4.3222167312930655e-06,4.2767070430715805e-06,4.401923510107978e-06
-0.048888888,4.396417e-06,2.493738e-06,-1.902678e-06,4.349313247557762e-06,4.3040375628384655e-06,4.420855465454692e-06
-0.047814408,4.50623e-06,2.427239e-06,-2.07899e-06,4.3770380123233015e-06,4.3325983094317635e-06,4.439288621263501e-06
-0.046739924,4.514104e-06,2.428989e-06,-2.085115e-06,4.405363018818426e-06,4.362464011352519e-06,4.457207034221127e-06
-0.045665448,4.598979e-06,2.579488e-06,-2.01949e-06,4.434246817609339e-06,4.393701501538173e-06,4.4745962242563666e-06
-0.044590964,4.612979e-06,2.706362e-06,-1.906616e-06,4.463638428346652e-06,4.4263682142179015e-06,4.491443220034099e-06
-0.043516484,4.600292e-06,2.770237e-06,-1.830054e-06,4.493481931937998e-06,4.460510731175798e-06,4.507736598973266e-06
-0.042442,4.567917e-06,2.798237e-06,-1.769679e-06,4.523721503637862e-06,4.496163400284907e-06,4.523466521467853e-06
-0.04136752,4.566604e-06,2.798675e-06,-1.767929e-06,4.5543066574908154e-06,4.5333470499770705e-06,4.538624759008833e-06
-0.040293036,4.570979e-06,2.797362e-06,-1.773617e-06,4.585197492261777e-06,4.5720678238571004e-06,4.553204715926688e-06
-0.03921856,4.562667e-06,2.792112e-06,-1.770554e-06,4.616369751631969e-06,4.6123161598030395e-06,4.567201444498392e-06
-0.03814408,4.584104e-06,2.798237e-06,-1.785867e-06,4.647819531689424e-06,4.654065937494754e-06,4.580611653189558e-06
-0.037069596,4.613416e-06,2.814424e-06,-1.798991e-06,4.6795674833012125e-06,4.697273817298481e-06,4.593433707831795e-06
-0.035995116,4.645354e-06,2.836299e-06,-1.809054e-06,4.711662364645008e-06,4.7418787917659746e-06,4.6056676255671e-06
-0.034920632,4.676854e-06,2.866487e-06,-1.810366e-06,4.744183800675861e-06,4.787801968683396e-06,4.617315061425325e-06
-0.033846156,4.713166e-06,2.888799e-06,-1.824366e-06,4.777244103710732e-06,4.834946601660465e-06,4.628379287437446e-06
-0.032771674,4.760853e-06,2.925549e-06,-1.835304e-06,4.810989005676512e-06,4.883198380744249e-06,4.63886516422637e-06
-0.031697192,4.804166e-06,2.953111e-06,-1.851054e-06,4.845597151441177e-06,4.932425991553807e-06,4.648779105058502e-06
-0.03062271,4.852728e-06,2.984174e-06,-1.868554e-06,4.881278207753564e-06,4.9824819470563395e-06,4.658129032383077e-06
-0.02954823,4.92054e-06,3.008674e-06,-1.911866e-06,4.918269457292961e-06,5.033203691448836e-06,4.666924326932331e-06
-0.028473748,5.005852e-06,3.031424e-06,-1.974428e-06,4.956830775514993e-06,5.084414970786282e-06,4.675175769503847e-06
-0.027399266,5.120914e-06,3.055923e-06,-2.06499e-06,4.997237932182666e-06,5.135927460128174e-06,4.682895475596731e-06
-0.026324786,5.234226e-06,3.077361e-06,-2.156865e-06,5.0397742216565615e-06,5.187542632179016e-06,4.6900968231255364e-06
-0.025250304,5.372913e-06,3.097923e-06,-2.274989e-06,5.084720506833918e-06,5.239053847786424e-06,4.696794373489787e-06
-0.024175824,5.458225e-06,3.120236e-06,-2.337989e-06,5.132343859720918e-06,5.290248644322609e-06,4.703003786332325e-06
-0.023101342,5.455163e-06,3.16836e-06,-2.286802e-06,5.1828850928498905e-06,5.340911193965387e-06,4.70874172837621e-06
-0.022026862,5.333101e-06,3.260673e-06,-2.072428e-06,5.2365455925438536e-06,5.390824900220011e-06,4.714025776787006e-06
-0.020952382,5.199226e-06,3.348172e-06,-1.851054e-06,5.293473976369061e-06,5.439775097638977e-06,4.718874317564613e-06
-0.0198779,5.214101e-06,3.391484e-06,-1.822616e-06,5.353753189622879e-06,5.487551816525136e-06,4.7233064395256105e-06
-0.018803418,5.274914e-06,3.384485e-06,-1.890429e-06,5.417388715991859e-06,5.533952571368449e-06,4.727341824492819e-06
-0.017728938,5.187851e-06,3.321485e-06,-1.866366e-06,5.484298595180091e-06,5.578785128843555e-06,4.7310006343628084e-06
-0.016654456,5.152414e-06,3.279485e-06,-1.872929e-06,5.554305910262484e-06,5.6218702084455095e-06,4.734303395773779e-06
-0.015579975,5.41185e-06,3.31361e-06,-2.09824e-06,5.627134330733318e-06,5.663044066421075e-06,4.73727088314507e-06
-0.014505494,5.816098e-06,3.400672e-06,-2.415426e-06,5.702407180146279e-06,5.7021609118002255e-06,4.739924000905051e-06
-0.013431014,6.054973e-06,3.543296e-06,-2.511676e-06,5.779650350581984e-06,5.739095102339582e-06,4.7422836657657625e-06
-0.012356532,5.991098e-06,3.578296e-06,-2.412801e-06,5.85829922284149e-06,5.773743068364605e-06,4.744370689939931e-06
-0.011282051,5.854598e-06,3.544609e-06,-2.309989e-06,5.937709582966286e-06,5.806024914101849e-06,4.7462056662282885e-06
-0.01020757,5.760537e-06,3.544609e-06,-2.215927e-06,6.017172359280862e-06,5.835885649273464e-06,4.7478088559316745e-06
-0.009133089,5.779348e-06,3.599296e-06,-2.180052e-06,6.095931840358593e-06,5.8632960084903586e-06,4.749200080562356e-06
-0.008058607,5.848474e-06,3.692921e-06,-2.155552e-06,6.173206870328128e-06,5.888252822235422e-06,4.7503986183412824e-06
-0.006984127,5.947786e-06,3.791795e-06,-2.15599e-06,6.248214352348603e-06,5.910778910861698e-06,4.751423106471446e-06
-0.005909646,6.073347e-06,3.89067e-06,-2.182677e-06,6.320194227715899e-06,5.9309224819737795e-06,4.75229145017117e-06
-0.004835164,6.187097e-06,3.642608e-06,-2.544488e-06,6.388434946860069e-06,5.948756021800917e-06,4.753020739433862e-06
-0.003760683,6.509096e-06,3.752858e-06,-2.756237e-06,6.452298323817215e-06,5.964374682719753e-06,4.753627174451533e-06
-0.002686202,6.61847e-06,3.834232e-06,-2.784237e-06,6.511242583690797e-06,5.977894181933835e-06,4.754126000597004e-06
-0.001611721,6.70772e-06,3.909482e-06,-2.798237e-06,6.564842388330864e-06,5.989448240389979e-06,4.754531453803197e-06
-0.00053724,6.800469e-06,3.988232e-06,-2.812237e-06,6.612804670927691e-06,5.999185606126752e-06,4.754856717105718e-06
