Time [s],Current [uA]
0,13.539838790893555
0.00039999998989515007,11.293935775756836
0.0007999999797903001,10.006475448608398
0.0011999999405816197,9.076642990112305
0.0015999999595806003,8.275556564331055
0.001999999862164259,7.79871940612793
0.0023999998811632395,7.255125045776367
0.00279999990016222,6.783056259155273
0.0031999999191612005,6.558942794799805
0.003599999938160181,6.263303756713867
0.003999999724328518,5.929470062255859
0.004399999976158142,5.681514739990234
0.004799999762326479,5.538463592529297
0.005200000014156103,5.309581756591797
0.00559999980032444,5.095005035400391
0.006000000052154064,4.966259002685547
0.006399999838322401,4.827976226806641
0.006799999624490738,4.622936248779297
0.007199999876320362,4.532337188720703
0.007599999662488699,4.417896270751953
0.007999999448657036,4.312992095947266
0.00839999970048666,4.103183746337891
0.008799999952316284,4.117488861083984
0.009200000204145908,3.979206085205078
0.009599999524652958,3.898143768310547
0.009999999776482582,3.9076805114746094
0.010400000028312206,3.6787986755371094
0.010799999348819256,3.7550926208496094
0.01119999960064888,3.554821014404297
0.011599999852478504,3.4737586975097656
0.012000000104308128,3.516674041748047
0.012399999424815178,3.3974647521972656
0.012799999676644802,3.3354759216308594
0.013199999928474426,3.311634063720703
0.013599999248981476,3.2067298889160156
0.0139999995008111,3.044605255126953
0.014399999752640724,3.1447410583496094
0.014800000004470348,3.044605255126953
0.015199999324977398,3.0112266540527344
0.015599999576807022,2.987384796142578
0.01599999889731407,2.8634071350097656
0.01640000008046627,2.868175506591797
0.01679999940097332,2.830028533935547
0.01719999872148037,2.8061866760253906
0.01759999990463257,2.7322769165039062
0.017999999225139618,2.663135528564453
0.018400000408291817,2.6297569274902344
0.018799999728798866,2.562999725341797
0.019199999049305916,2.529621124267578
0.019600000232458115,2.567768096923828
0.019999999552965164,2.5200843811035156
0.020399998873472214,2.4390220642089844
0.020800000056624413,2.486705780029297
0.021199999377131462,2.410411834716797
0.02159999869763851,2.3674964904785156
0.02199999988079071,2.4056434631347656
0.02239999920129776,2.3055076599121094
0.02279999852180481,2.3245811462402344
0.02319999970495701,2.205371856689453
0.023599999025464058,2.3102760314941406
0.024000000208616257,2.1910667419433594
0.024399999529123306,2.105236053466797
0.024799998849630356,2.162456512451172
0.025200000032782555,2.148151397705078
0.025599999353289604,2.124309539794922
0.025999998673796654,2.1147727966308594
0.026399999856948853,2.067089080810547
0.026799999177455902,2.090930938720703
0.02719999849796295,2.067089080810547
0.02759999968111515,2.0575523376464844
0.0279999990016222,2.0241737365722656
0.0284000001847744,2.009868621826172
0.02879999950528145,1.9848346710205078
0.029199998825788498,1.9526481628417969
0.029600000008940697,1.9526481628417969
0.029999999329447746,1.9431114196777344
0.030399998649954796,1.9061565399169922
0.030799999833106995,1.8525123596191406
0.031199999153614044,1.8763542175292969
0.031599998474121094,1.8763542175292969
0.03199999779462814,1.8620491027832031
0.03240000084042549,1.8286705017089844
0.03280000016093254,1.7809867858886719
0.03319999948143959,1.8143653869628906
0.03359999880194664,1.8095970153808594
0.03399999812245369,1.7285346984863281
0.03439999744296074,1.7809867858886719
0.03480000048875809,1.6903877258300781
0.03519999980926514,1.7189979553222656
0.035599999129772186,1.6999244689941406
0.035999998450279236,1.6617774963378906
0.036399997770786285,1.6188621520996094
0.03680000081658363,1.6379356384277344
0.03720000013709068,1.5282630920410156
0.03759999945759773,1.5711784362792969
0.03799999877810478,1.5330314636230469
0.03839999809861183,1.6665458679199219
0.03879999741911888,1.5711784362792969
0.03920000046491623,1.4710426330566406
0.03959999978542328,1.5664100646972656
0.03999999910593033,1.5807151794433594
0.04039999842643738,1.5473365783691406
0.04079999774694443,1.4996528625488281
0.041200000792741776,1.4185905456542969
0.041600000113248825,1.4805793762207031
0.041999999433755875,1.5139579772949219
0.042399998754262924,1.4662742614746094
0.042799998074769974,1.4901161193847656
0.04319999739527702,1.4901161193847656
0.04360000044107437,1.4913082122802734
0.04399999976158142,1.4948844909667969
0.04439999908208847,1.4901161193847656
0.04479999840259552,1.3422966003417969
0.04519999772310257,1.3327598571777344
0.04559999704360962,1.3995170593261719
0.04600000008940697,1.4710426330566406
0.04639999940991402,1.3709068298339844
0.046799998730421066,1.3804435729980469
0.047199998050928116,1.3470649719238281
0.047599997371435165,1.4138221740722656
0.04800000041723251,1.3709068298339844
0.04839999973773956,1.2707710266113281
0.04879999905824661,1.3232231140136719
0.04919999837875366,1.2850761413574219
0.04959999769926071,1.2993812561035156
0.04999999701976776,1.3077259063720703
0.05040000006556511,1.3089179992675781
0.05079999938607216,1.3375282287597656
0.05119999870657921,1.2040138244628906
0.05159999802708626,1.3232231140136719
0.05199999734759331,1.2707710266113281
0.052400000393390656,1.2993812561035156
0.052799999713897705,1.2469291687011719
0.053199999034404755,1.2755393981933594
0.053599998354911804,1.2278556823730469
0.053999997675418854,1.2421607971191406
0.0543999969959259,1.2230873107910156
0.05480000004172325,1.2183189392089844
0.0551999993622303,1.2373924255371094
0.05559999868273735,1.2564659118652344
0.0559999980032444,1.2123584747314453
0.05639999732375145,1.1754035949707031
0.0568000003695488,1.1801719665527344
0.05719999969005585,1.1610984802246094
0.0575999990105629,1.2516975402832031
0.057999998331069946,1.0895729064941406
0.058399997651576996,1.1467933654785156
0.058799996972084045,1.1372566223144531
0.05920000001788139,1.1610984802246094
0.05959999933838844,1.125335693359375
0.05999999865889549,1.1229515075683594
0.06039999797940254,1.131892204284668
0.06079999729990959,1.1515617370605469
0.06119999662041664,1.1277198791503906
0.06159999966621399,1.1134147644042969
0.06199999898672104,1.0323524475097656
0.06239999830722809,1.0418891906738281
0.06279999762773514,1.0502338409423828
0.06319999694824219,1.0561943054199219
0.06359999626874924,1.0704994201660156
0.06399999558925629,1.1134147644042969
0.06439999490976334,1.0848045349121094
0.06480000168085098,1.074075698852539
0.06520000100135803,1.0514259338378906
0.06560000032186508,1.0466575622558594
0.06599999964237213,0.9989738464355469
0.06639999896287918,0.9894371032714844
0.06679999828338623,0.9799003601074219
0.06719999760389328,0.9989738464355469
0.06759999692440033,1.1181831359863281
0.06799999624490738,1.0752677917480469
0.06839999556541443,0.9751319885253906
0.06879999488592148,0.9942054748535156
0.06920000165700912,0.9894371032714844
0.06960000097751617,1.0180473327636719
0.07000000029802322,0.9942054748535156
0.07039999961853027,0.9655952453613281
0.07079999893903732,0.9846687316894531
0.07119999825954437,1.0037422180175781
0.07159999758005142,0.9608268737792969
0.07199999690055847,1.0228157043457031
0.07239999622106552,0.9894371032714844
0.07279999554157257,0.9799003601074219
0.07319999486207962,0.8749961853027344
0.07360000163316727,0.9417533874511719
0.07400000095367432,1.0466575622558594
0.07440000027418137,0.9751319885253906
0.07479999959468842,0.9655952453613281
0.07519999891519547,0.9608268737792969
0.07559999823570251,0.9167194366455078
0.07599999755620956,0.8797645568847656
0.07639999687671661,0.8606910705566406
0.07679999619722366,0.9322166442871094
0.07719999551773071,0.9131431579589844
0.07759999483823776,0.8988380432128906
0.07800000160932541,0.8642673492431641
0.07840000092983246,0.8416175842285156
0.07880000025033951,0.8746981620788574
0.07919999957084656,0.9083747863769531
0.07959999889135361,0.8845329284667969
0.07999999821186066,0.8988380432128906
0.0803999975323677,0.8797645568847656
0.08079999685287476,0.8988380432128906
0.0811999961733818,0.8928775787353516
0.08159999549388885,0.8988380432128906
0.0819999948143959,0.8940696716308594
0.08240000158548355,0.8416175842285156
0.0828000009059906,0.8893013000488281
0.08320000022649765,0.8511543273925781
0.0835999995470047,0.9274482727050781
0.08399999886751175,0.8368492126464844
0.0843999981880188,0.9131431579589844
0.08479999750852585,0.8654594421386719
0.0851999968290329,0.8082389831542969
0.08559999614953995,0.8702278137207031
0.085999995470047,0.8034706115722656
0.08639999479055405,0.8225440979003906
0.0867999941110611,0.8273124694824219
0.08720000088214874,0.7939338684082031
0.08760000020265579,0.8273124694824219
0.08799999952316284,0.8797645568847656
0.08839999884366989,0.8225440979003906
0.08879999816417694,0.7510185241699219
0.08919999748468399,0.7843971252441406
0.08959999680519104,0.7557868957519531
0.08999999612569809,0.8082389831542969
0.09039999544620514,0.8749961853027344
0.09079999476671219,0.8463859558105469
0.09119999408721924,0.7939338684082031
0.09160000085830688,0.7367134094238281
0.09200000017881393,0.7510185241699219
0.09239999949932098,0.7796287536621094
0.09279999881982803,0.7653236389160156
0.09319999814033508,0.8177757263183594
0.09359999746084213,0.7319450378417969
0.09399999678134918,0.6556510925292969
0.09439999610185623,0.6842613220214844
0.09479999542236328,0.7653236389160156
0.09519999474287033,0.7939338684082031
0.09559999406337738,0.7414817810058594
0.09600000083446503,0.6890296936035156
0.09640000015497208,0.6806850433349609
0.09679999947547913,0.6508827209472656
0.09719999879598618,0.6413459777832031
0.09759999811649323,0.7176399230957031
0.09799999743700027,0.7414817810058594
0.09839999675750732,0.6556510925292969
0.09879999607801437,0.7748603820800781
0.09919999539852142,0.6270408630371094
0.09959999471902847,0.7367134094238281
0.09999999403953552,0.6604194641113281
0.10040000081062317,0.6699562072753906
0.10080000013113022,0.6890296936035156
0.10119999945163727,0.6508827209472656
0.10159999877214432,0.7081031799316406
0.10199999809265137,0.6699562072753906
0.10239999741315842,0.7987022399902344
0.10279999673366547,0.6031990051269531
0.10319999605417252,0.7081031799316406
0.10359999537467957,0.7510185241699219
0.10399999469518661,0.7128715515136719
0.10439999401569366,0.7367134094238281
0.10480000078678131,0.7176399230957031
0.10520000010728836,0.7367134094238281
0.10559999942779541,0.7510185241699219
0.10599999874830246,0.6747245788574219
0.10639999806880951,0.6937980651855469
0.10679999738931656,0.6318092346191406
0.10719999670982361,0.6318092346191406
0.10759999603033066,0.6711483001708984
0.10799999535083771,0.7033348083496094
0.10839999467134476,0.7176399230957031
0.1087999939918518,0.7116794586181641
0.10920000076293945,0.7128715515136719
0.1096000000834465,0.7128715515136719
0.10999999940395355,0.5316734313964844
0.1103999987244606,0.7510185241699219
0.11079999804496765,0.6222724914550781
0.1111999973654747,0.6175041198730469
0.11159999668598175,0.6175041198730469
0.1119999960064888,0.5555152893066406
0.11239999532699585,0.6222724914550781
0.1127999946475029,0.6842613220214844
0.11319999396800995,0.6556510925292969
0.1136000007390976,0.7176399230957031
0.11400000005960464,0.6270408630371094
0.1143999993801117,0.5555152893066406
0.11479999870061874,0.6175041198730469
0.1151999980211258,0.5507469177246094
0.11559999734163284,0.6270408630371094
0.11599999666213989,0.6127357482910156
0.11639999598264694,0.6127357482910156
0.11679999530315399,0.6270408630371094
0.11719999462366104,0.6186962127685547
0.11759999394416809,0.6130337715148926
0.11800000071525574,0.6031990051269531
0.11840000003576279,0.6031990051269531
0.11879999935626984,0.5984306335449219
0.11919999867677689,0.6508827209472656
0.11959999799728394,0.6031990051269531
0.11999999731779099,0.5841255187988281
0.12039999663829803,0.5793571472167969
0.12079999595880508,0.6556510925292969
0.12119999527931213,0.5364418029785156
0.12159999459981918,0.6604194641113281
0.12199999392032623,0.5269050598144531
0.12239999324083328,0.5221366882324219
0.12280000001192093,0.5412101745605469
0.12319999933242798,0.5745887756347656
0.12359999865293503,0.5412101745605469
0.12399999797344208,0.6175041198730469
0.12439999729394913,0.5698204040527344
0.12479999661445618,0.6365776062011719
0.12520000338554382,0.4649162292480469
0.12559999525547028,0.5507469177246094
0.12600000202655792,0.5793571472167969
0.12639999389648438,0.6413459777832031
0.12680000066757202,0.5555152893066406
0.12719999253749847,0.5841255187988281
0.12759999930858612,0.5555152893066406
0.12799999117851257,0.6031990051269531
0.12839999794960022,0.5459785461425781
0.12879998981952667,0.5745887756347656
0.12919999659061432,0.6127357482910156
0.12960000336170197,0.5888938903808594
0.12999999523162842,0.5555152893066406
0.13040000200271606,0.5412101745605469
0.13079999387264252,0.4982948303222656
0.13120000064373016,0.5173683166503906
0.13159999251365662,0.6175041198730469
0.13199999928474426,0.4792213439941406
0.13239999115467072,0.6222724914550781
0.13279999792575836,0.5221366882324219
0.13319998979568481,0.5459785461425781
0.13359999656677246,0.5221366882324219
0.1340000033378601,0.5412101745605469
0.13439999520778656,0.5507469177246094
0.1348000019788742,0.5459785461425781
0.13519999384880066,0.5888938903808594
0.1356000006198883,0.5888938903808594
0.13599999248981476,0.4887580871582031
0.1363999992609024,0.4839897155761719
0.13679999113082886,0.5090236663818359
0.1371999979019165,0.5316734313964844
0.13759998977184296,0.5316734313964844
0.1379999965429306,0.5125999450683594
0.13840000331401825,0.5459785461425781
0.1387999951839447,0.5030632019042969
0.13920000195503235,0.5125999450683594
0.1395999938249588,0.5269050598144531
0.14000000059604645,0.4696846008300781
0.1403999924659729,0.6079673767089844
0.14079999923706055,0.5459785461425781
0.141199991106987,0.5269050598144531
0.14159999787807465,0.4839897155761719
0.1419999897480011,0.4553794860839844
0.14239999651908875,0.5412101745605469
0.1428000032901764,0.5745887756347656
0.14319999516010284,0.5698204040527344
0.1436000019311905,0.5328655242919922
0.14399999380111694,0.4982948303222656
0.1444000005722046,0.4887580871582031
0.14479999244213104,0.4887580871582031
0.1451999992132187,0.4458427429199219
0.14559999108314514,0.4887580871582031
0.1459999978542328,0.5066394805908203
0.14639998972415924,0.5459785461425781
0.1467999964952469,0.5459785461425781
0.14720000326633453,0.5030632019042969
0.147599995136261,0.4553794860839844
0.14800000190734863,0.4649162292480469
0.14839999377727509,0.4744529724121094
0.14880000054836273,0.4839897155761719
0.14919999241828918,0.4839897155761719
0.14959999918937683,0.4839897155761719
0.14999999105930328,0.4684925079345703
0.15039999783039093,0.4601478576660156
0.15079998970031738,0.4458427429199219
0.15119999647140503,0.4780292510986328
0.15160000324249268,0.4982948303222656
0.15199999511241913,0.5078315734863281
0.15240000188350677,0.4839897155761719
0.15279999375343323,0.5125999450683594
0.15320000052452087,0.4780292510986328
0.15359999239444733,0.4506111145019531
0.15399999916553497,0.4649162292480469
0.15439999103546143,0.5221366882324219
0.15479999780654907,0.4124641418457031
0.15519998967647552,0.4649162292480469
0.15559999644756317,0.4696846008300781
0.15600000321865082,0.45299530029296875
0.15639999508857727,0.4363059997558594
0.15680000185966492,0.4410743713378906
0.15719999372959137,0.4267692565917969
0.15760000050067902,0.5173683166503906
0.15799999237060547,0.4220008850097656
0.15839999914169312,0.4982948303222656
0.15879999101161957,0.4792213439941406
0.15919999778270721,0.5125999450683594
0.15959998965263367,0.4649162292480469
0.1599999964237213,0.4744529724121094
0.16040000319480896,0.3886222839355469
0.1607999950647354,0.4935264587402344
0.16120000183582306,0.3838539123535156
0.1615999937057495,0.4172325134277344
0.16200000047683716,0.4267692565917969
0.1623999923467636,0.4696846008300781
0.16279999911785126,0.4029273986816406
0.1631999909877777,0.5364418029785156
0.16359999775886536,0.3790855407714844
0.1639999896287918,0.4696846008300781
0.16439999639987946,0.4982948303222656
0.1648000031709671,0.5316734313964844
0.16519999504089355,0.5054473876953125
0.1656000018119812,0.5030632019042969
0.16599999368190765,0.4887580871582031
0.1664000004529953,0.3790855407714844
0.16679999232292175,0.4029273986816406
0.1671999990940094,0.4553794860839844
0.16759999096393585,0.4649162292480469
0.1679999977350235,0.4363059997558594
0.16839998960494995,0.5221366882324219
0.1687999963760376,0.4935264587402344
0.16920000314712524,0.4792213439941406
0.1695999950170517,0.44465065002441406
0.17000000178813934,0.4172325134277344
0.1703999936580658,0.3886222839355469
0.17080000042915344,0.3838539123535156
0.1711999922990799,0.4744529724121094
0.17159999907016754,0.4887580871582031
0.171999990940094,0.4363059997558594
0.17239999771118164,0.4792213439941406
0.1727999895811081,0.4076957702636719
0.17319999635219574,0.4458427429199219
0.1735999882221222,0.4220008850097656
0.17399999499320984,0.3933906555175781
0.17440000176429749,0.3790855407714844
0.17479999363422394,0.3743171691894531
0.17520000040531158,0.3886222839355469
0.17559999227523804,0.3933906555175781
0.17599999904632568,0.4076957702636719
0.17639999091625214,0.3695487976074219
0.17679999768733978,0.4029273986816406
0.17719998955726624,0.3600120544433594
0.17759999632835388,0.4124641418457031
0.17799998819828033,0.3457069396972656
0.17839999496936798,0.4839897155761719
0.17880000174045563,0.4124641418457031
0.17919999361038208,0.4220008850097656
0.17960000038146973,0.3981590270996094
0.17999999225139618,0.4839897155761719
0.18039999902248383,0.4315376281738281
0.18079999089241028,0.42557716369628906
0.18119999766349792,0.3933906555175781
0.18159998953342438,0.3933906555175781
0.18199999630451202,0.3933906555175781
0.18239998817443848,0.4124641418457031
0.18279999494552612,0.5173683166503906
0.18320000171661377,0.3266334533691406
0.18359999358654022,0.4076957702636719
0.18400000035762787,0.3886222839355469
0.18439999222755432,0.4172325134277344
0.18479999899864197,0.4363059997558594
0.18519999086856842,0.4184246063232422
0.18559999763965607,0.3838539123535156
0.18599998950958252,0.4363059997558594
0.18639999628067017,0.3266334533691406
0.18679998815059662,0.3504753112792969
0.18719999492168427,0.3647804260253906
0.1876000016927719,0.3457069396972656
0.18799999356269836,0.4363059997558594
0.188400000333786,0.3790855407714844
0.18879999220371246,0.4410743713378906
0.1891999989748001,0.3838539123535156
0.18959999084472656,0.3886222839355469
0.1899999976158142,0.3933906555175781
0.19039998948574066,0.3838539123535156
0.1907999962568283,0.4172325134277344
0.19119998812675476,0.2980232238769531
0.1915999948978424,0.3981590270996094
0.19200000166893005,0.3647804260253906
0.1923999935388565,0.4220008850097656
0.19280000030994415,0.4029273986816406
0.1931999921798706,0.3409385681152344
0.19359999895095825,0.3123283386230469
0.1939999908208847,0.4029273986816406
0.19439999759197235,0.4029273986816406
0.1947999894618988,0.3743171691894531
0.19519999623298645,0.36716461181640625
0.1955999881029129,0.3457069396972656
0.19599999487400055,0.3457069396972656
0.1964000016450882,0.3647804260253906
0.19679999351501465,0.3123283386230469
0.1972000002861023,0.3743171691894531
0.19759999215602875,0.3504753112792969
0.1979999989271164,0.3933906555175781
0.19839999079704285,0.3075599670410156
0.1987999975681305,0.3552436828613281
0.19919998943805695,0.3743171691894531
0.1995999962091446,0.3695487976074219
0.19999998807907104,0.3981590270996094
0.2003999948501587,0.3170967102050781
0.20080000162124634,0.3838539123535156
0.2011999934911728,0.3695487976074219
0.20160000026226044,0.3838539123535156
0.2019999921321869,0.3123283386230469
0.20239999890327454,0.3504753112792969
0.202799990773201,0.2837181091308594
0.20319999754428864,0.3504753112792969
0.2035999894142151,0.3457069396972656
0.20399999618530273,0.3933906555175781
0.2043999880552292,0.4363059997558594
0.20479999482631683,0.3075599670410156
0.20520000159740448,0.3886222839355469
0.20559999346733093,0.3600120544433594
0.20600000023841858,0.3743171691894531
0.20639999210834503,0.3695487976074219
0.20679999887943268,0.3504753112792969
0.20719999074935913,0.33020973205566406
0.20759999752044678,0.2980232238769531
0.20799998939037323,0.3027915954589844
0.20839999616146088,0.3337860107421875
0.20879998803138733,0.3743171691894531
0.20919999480247498,0.3600120544433594
0.20960000157356262,0.4076957702636719
0.20999999344348907,0.3838539123535156
0.21040000021457672,0.2741813659667969
0.21079999208450317,0.22172927856445312
0.21119999885559082,0.3027915954589844
0.21159999072551727,0.3075599670410156
0.21199999749660492,0.3123283386230469
0.21239998936653137,0.3886222839355469
0.21279999613761902,0.3218650817871094
0.21319998800754547,0.3600120544433594
0.21359999477863312,0.3504753112792969
0.21400000154972076,0.3170967102050781
0.21439999341964722,0.4172325134277344
0.21480000019073486,0.3123283386230469
0.21519999206066132,0.3647804260253906
0.21559999883174896,0.3647804260253906
0.21599999070167542,0.3790855407714844
0.21639999747276306,0.3504753112792969
0.21679998934268951,0.3314018249511719
0.21719999611377716,0.34332275390625
0.2175999879837036,0.3457069396972656
0.21799999475479126,0.3457069396972656
0.2184000015258789,0.4267692565917969
0.21879999339580536,0.4220008850097656
0.219200000166893,0.3314018249511719
0.21959999203681946,0.3552436828613281
0.2199999988079071,0.4076957702636719
0.22039999067783356,0.24557113647460938
0.2207999974489212,0.4220008850097656
0.22119998931884766,0.3314018249511719
0.2215999960899353,0.3838539123535156
0.22199998795986176,0.2980232238769531
0.2223999947309494,0.3027915954589844
0.22280000150203705,0.3314018249511719
0.2231999933719635,0.3933906555175781
0.22360000014305115,0.3552436828613281
0.2239999920129776,0.3790855407714844
0.22439999878406525,0.4124641418457031
0.2247999906539917,0.3409385681152344
0.22519999742507935,0.3027915954589844
0.2255999892950058,0.31828880310058594
0.22599999606609344,0.3123283386230469
0.2263999879360199,0.3170967102050781
0.22679999470710754,0.2932548522949219
0.2272000014781952,0.3552436828613281
0.22759999334812164,0.2694129943847656
0.2280000001192093,0.3504753112792969
0.22839999198913574,0.3695487976074219
0.2287999987602234,0.3266334533691406
0.22919999063014984,0.3647804260253906
0.2295999974012375,0.3647804260253906
0.22999998927116394,0.3790855407714844
0.2303999960422516,0.3886222839355469
0.23079998791217804,0.3314018249511719
0.23119999468326569,0.3409385681152344
0.23160000145435333,0.3838539123535156
0.23199999332427979,0.3647804260253906
0.23240000009536743,0.3457069396972656
0.23279999196529388,0.35881996154785156
0.23319999873638153,0.3552436828613281
0.23359999060630798,0.3695487976074219
0.23399999737739563,0.3516674041748047
0.23439998924732208,0.3361701965332031
0.23479999601840973,0.3457069396972656
0.23519998788833618,0.33020973205566406
0.23559999465942383,0.3218650817871094
0.23600000143051147,0.3170967102050781
0.23639999330043793,0.2980232238769531
0.23680000007152557,0.3123283386230469
0.23719999194145203,0.3027915954589844
0.23759999871253967,0.3314018249511719
0.23799999058246613,0.2789497375488281
0.23839999735355377,0.3314018249511719
0.23879998922348022,0.3886222839355469
0.23919999599456787,0.23126602172851562
0.23959998786449432,0.2932548522949219
0.23999999463558197,0.3170967102050781
0.24039998650550842,0.2789497375488281
0.24079999327659607,0.2932548522949219
0.24120000004768372,0.2980232238769531
0.24159999191761017,0.2837181091308594
0.24199999868869781,0.3743171691894531
0.24239999055862427,0.3027915954589844
0.24279999732971191,0.3409385681152344
0.24319998919963837,0.2646446228027344
0.243599995970726,0.3600120544433594
0.24399998784065247,0.2837181091308594
0.2443999946117401,0.2789497375488281
0.24479998648166656,0.29087066650390625
0.2451999932527542,0.3075599670410156
0.24560000002384186,0.2932548522949219
0.2459999918937683,0.3790855407714844
0.24639999866485596,0.24557113647460938
0.2467999905347824,0.3361701965332031
0.24719999730587006,0.3600120544433594
0.2475999891757965,0.3743171691894531
0.24799999594688416,0.3504753112792969
0.2483999878168106,0.2837181091308594
0.24879999458789825,0.2646446228027344
0.2491999864578247,0.2956390380859375
0.24959999322891235,0.3218650817871094
0.25,0.3123283386230469
0.25040000677108765,0.3695487976074219
0.2507999837398529,0.2503395080566406
0.25119999051094055,0.3218650817871094
0.2515999972820282,0.3170967102050781
0.25200000405311584,0.3218650817871094
0.2523999810218811,0.2968311309814453
0.25279998779296875,0.3013014793395996
0.2531999945640564,0.2932548522949219
0.25360000133514404,0.2932548522949219
0.2540000081062317,0.2884864807128906
0.25439998507499695,0.2694129943847656
0.2547999918460846,0.2980232238769531
0.25519999861717224,0.3218650817871094
0.2556000053882599,0.3170967102050781
0.25599998235702515,0.3695487976074219
0.2563999891281128,0.3218650817871094
0.25679999589920044,0.20265579223632812
0.2572000026702881,0.3552436828613281
0.25759997963905334,0.2837181091308594
0.257999986410141,0.21696090698242188
0.25839999318122864,0.2551078796386719
0.2587999999523163,0.23603439331054688
0.25920000672340393,0.2932548522949219
0.2595999836921692,0.2598762512207031
0.25999999046325684,0.2551078796386719
0.2603999972343445,0.24557113647460938
0.26080000400543213,0.22172927856445312
0.2611999809741974,0.3266334533691406
0.26159998774528503,0.2598762512207031
0.2619999945163727,0.3075599670410156
0.2624000012874603,0.22649765014648438
0.262800008058548,0.2932548522949219
0.26319998502731323,0.3743171691894531
0.2635999917984009,0.3266334533691406
0.2639999985694885,0.24557113647460938
0.26440000534057617,0.2980232238769531
0.26479998230934143,0.3123283386230469
0.2651999890804291,0.3314018249511719
0.2655999958515167,0.3647804260253906
0.26600000262260437,0.3170967102050781
0.26639997959136963,0.2884864807128906
0.2667999863624573,0.2837181091308594
0.2671999931335449,0.2884864807128906
0.26759999990463257,0.2551078796386719
0.2680000066757202,0.4124641418457031
0.2683999836444855,0.2598762512207031
0.2687999904155731,0.3361701965332031
0.26919999718666077,0.2646446228027344
0.2696000039577484,0.3790855407714844
0.26999998092651367,0.2503395080566406
0.2703999876976013,0.3504753112792969
0.27079999446868896,0.3314018249511719
0.2712000012397766,0.2932548522949219
0.27160000801086426,0.2741813659667969
0.2719999849796295,0.3314018249511719
0.27239999175071716,0.2932548522949219
0.2727999985218048,0.24080276489257812
0.27320000529289246,0.2646446228027344
0.2735999822616577,0.2598762512207031
0.27399998903274536,0.23603439331054688
0.274399995803833,0.21696090698242188
0.27480000257492065,0.24557113647460938
0.2751999795436859,0.24080276489257812
0.27559998631477356,0.2551078796386719
0.2759999930858612,0.22649765014648438
0.27639999985694885,0.3170967102050781
0.2768000066280365,0.20265579223632812
0.27719998359680176,0.2932548522949219
0.2775999903678894,0.3170967102050781
0.27799999713897705,0.3147125244140625
0.2784000039100647,0.3218650817871094
0.27879998087882996,0.3266334533691406
0.2791999876499176,0.3075599670410156
0.27959999442100525,0.2694129943847656
0.2800000011920929,0.3123283386230469
0.28039997816085815,0.24080276489257812
0.2807999849319458,0.24557113647460938
0.28119999170303345,0.2574920654296875
0.2815999984741211,0.2551078796386719
0.28200000524520874,0.2884864807128906
0.282399982213974,0.2884864807128906
0.28279998898506165,0.21219253540039062
0.2831999957561493,0.3027915954589844
0.28360000252723694,0.2551078796386719
0.2839999794960022,0.2789497375488281
0.28439998626708984,0.3170967102050781
0.2847999930381775,0.24080276489257812
0.28519999980926514,0.3075599670410156
0.2856000065803528,0.2694129943847656
0.28599998354911804,0.2789497375488281
0.2863999903202057,0.20742416381835938
0.28679999709129333,0.2598762512207031
0.287200003862381,0.2980232238769531
0.28759998083114624,0.3027915954589844
0.2879999876022339,0.3266334533691406
0.28839999437332153,0.21696090698242188
0.2888000011444092,0.2598762512207031
0.28919997811317444,0.22649765014648438
0.2895999848842621,0.2598762512207031
0.28999999165534973,0.2980232238769531
0.2903999984264374,0.2694129943847656
0.290800005197525,0.3170967102050781
0.2911999821662903,0.20742416381835938
0.29159998893737793,0.3218650817871094
0.2919999957084656,0.2932548522949219
0.2924000024795532,0.2932548522949219
0.2927999794483185,0.2884864807128906
0.29319998621940613,0.2837181091308594
0.2935999929904938,0.2837181091308594
0.2939999997615814,0.2980232238769531
0.29440000653266907,0.24080276489257812
0.2947999835014343,0.3314018249511719
0.295199990272522,0.2789497375488281
0.2955999970436096,0.2551078796386719
0.29600000381469727,0.3314018249511719
0.2963999807834625,0.3170967102050781
0.29679998755455017,0.2789497375488281
0.2971999943256378,0.23126602172851562
0.29760000109672546,0.23603439331054688
0.2979999780654907,0.24557113647460938
0.29839998483657837,0.2932548522949219
0.298799991607666,0.3075599670410156
0.29919999837875366,0.3266334533691406
0.2996000051498413,0.2741813659667969
0.29999998211860657,0.3123283386230469
0.3003999888896942,0.23603439331054688
0.30079999566078186,0.2598762512207031
0.3012000024318695,0.3075599670410156
0.30159997940063477,0.3075599670410156
0.3019999861717224,0.2789497375488281
0.30239999294281006,0.2551078796386719
0.3027999997138977,0.2551078796386719
0.30320000648498535,0.3361701965332031
0.3035999834537506,0.3647804260253906
0.30399999022483826,0.24557113647460938
0.3043999969959259,0.21219253540039062
0.30480000376701355,0.24080276489257812
0.3051999807357788,0.2789497375488281
0.30559998750686646,0.22649765014648438
0.3059999942779541,0.2646446228027344
0.30640000104904175,0.3075599670410156
0.306799978017807,0.2694129943847656
0.30719998478889465,0.2694129943847656
0.3075999915599823,0.3361701965332031
0.30799999833106995,0.2551078796386719
0.3084000051021576,0.3170967102050781
0.30879998207092285,0.2789497375488281
0.3091999888420105,0.3075599670410156
0.30959999561309814,0.23126602172851562
0.3100000023841858,0.21696090698242188
0.31039997935295105,0.2503395080566406
0.3107999861240387,0.2646446228027344
0.31119999289512634,0.28014183044433594
0.311599999666214,0.3123283386230469
0.31200000643730164,0.2932548522949219
0.3123999834060669,0.2980232238769531
0.31279999017715454,0.2551078796386719
0.3131999969482422,0.2598762512207031
0.31360000371932983,0.16450881958007812
0.3139999806880951,0.17881393432617188
0.31439998745918274,0.2551078796386719
0.3147999942302704,0.2551078796386719
0.31520000100135803,0.2837181091308594
0.3155999779701233,0.2646446228027344
0.31599998474121094,0.28252601623535156
0.3163999915122986,0.2932548522949219
0.31679999828338623,0.2884864807128906
0.3172000050544739,0.2503395080566406
0.31759998202323914,0.2789497375488281
0.3179999887943268,0.24557113647460938
0.31839999556541443,0.22649765014648438
0.3188000023365021,0.2980232238769531
0.31919997930526733,0.2837181091308594
0.319599986076355,0.28133392333984375
0.3199999928474426,0.2837181091308594
0.3203999996185303,0.2783536911010742
0.3208000063896179,0.2789497375488281
0.3211999833583832,0.2694129943847656
0.3215999901294708,0.2467632293701172
0.32199999690055847,0.21696090698242188
0.3224000036716461,0.22172927856445312
0.3227999806404114,0.20265579223632812
0.323199987411499,0.3361701965332031
0.32359999418258667,0.24557113647460938
0.3240000009536743,0.3218650817871094
0.3243999779224396,0.2741813659667969
0.3247999846935272,0.24557113647460938
0.32519999146461487,0.2884864807128906
0.3255999982357025,0.23126602172851562
0.32600000500679016,0.3075599670410156
0.3263999819755554,0.24557113647460938
0.32679998874664307,0.23126602172851562
0.3271999955177307,0.22172927856445312
0.32760000228881836,0.24557113647460938
0.3279999792575836,0.2598762512207031
0.32839998602867126,0.21219253540039062
0.3287999927997589,0.22172927856445312
0.32919999957084656,0.2694129943847656
0.3296000063419342,0.24557113647460938
0.32999998331069946,0.26106834411621094
0.3303999900817871,0.24557113647460938
0.33079999685287476,0.2837181091308594
0.3312000036239624,0.2789497375488281
0.33159998059272766,0.2694129943847656
0.3319999873638153,0.17404556274414062
0.33239999413490295,0.3170967102050781
0.3328000009059906,0.22172927856445312
0.33319997787475586,0.3027915954589844
0.3335999846458435,0.2837181091308594
0.33399999141693115,0.2551078796386719
0.3343999981880188,0.2551078796386719
0.33480000495910645,0.2646446228027344
0.3351999819278717,0.2765655517578125
0.33559998869895935,0.2884864807128906
0.335999995470047,0.2980232238769531
0.33640000224113464,0.2789497375488281
0.3367999792098999,0.2551078796386719
0.33719998598098755,0.18835067749023438
0.3375999927520752,0.21696090698242188
0.33799999952316284,0.23365020751953125
0.3384000062942505,0.2789497375488281
0.33879998326301575,0.2503395080566406
0.3391999900341034,0.2694129943847656
0.33959999680519104,0.20742416381835938
0.3400000035762787,0.24557113647460938
0.34039998054504395,0.2694129943847656
0.3407999873161316,0.3409385681152344
0.34119999408721924,0.21696090698242188
0.3416000008583069,0.2932548522949219
0.34199997782707214,0.23126602172851562
0.3423999845981598,0.21219253540039062
0.34279999136924744,0.2694129943847656
0.3431999981403351,0.3027915954589844
0.34360000491142273,0.23126602172851562
0.343999981880188,0.19788742065429688
0.34439998865127563,0.22292137145996094
0.3447999954223633,0.23603439331054688
0.3452000021934509,0.22649765014648438
0.3455999791622162,0.15020370483398438
0.34599998593330383,0.2598762512207031
0.3463999927043915,0.3361701965332031
0.3467999994754791,0.3075599670410156
0.3471999764442444,0.3218650817871094
0.34759998321533203,0.3075599670410156
0.3479999899864197,0.3361701965332031
0.3483999967575073,0.3075599670410156
0.34880000352859497,0.286102294921875
0.34919998049736023,0.2551078796386719
0.3495999872684479,0.24557113647460938
0.3499999940395355,0.24437904357910156
0.35040000081062317,0.23603439331054688
0.3507999777793884,0.24080276489257812
0.3511999845504761,0.2789497375488281
0.3515999913215637,0.24557113647460938
0.35199999809265137,0.2884864807128906
0.352400004863739,0.2765655517578125
0.3527999818325043,0.2694129943847656
0.3531999886035919,0.3027915954589844
0.35359999537467957,0.18835067749023438
0.3540000021457672,0.2884864807128906
0.35439997911453247,0.24080276489257812
0.3547999858856201,0.20265579223632812
0.35519999265670776,0.24080276489257812
0.3555999994277954,0.3504753112792969
0.35599997639656067,0.2598762512207031
0.3563999831676483,0.21696090698242188
0.35679998993873596,0.2551078796386719
0.3571999967098236,0.26702880859375
0.35760000348091125,0.3218650817871094
0.3579999804496765,0.2741813659667969
0.35839998722076416,0.2980232238769531
0.3587999939918518,0.2503395080566406
0.35920000076293945,0.2694129943847656
0.3595999777317047,0.21696090698242188
0.35999998450279236,0.19788742065429688
0.36039999127388,0.22292137145996094
0.36079999804496765,0.23603439331054688
0.3612000048160553,0.24080276489257812
0.36159998178482056,0.2694129943847656
0.3619999885559082,0.23126602172851562
0.36239999532699585,0.15497207641601562
0.3628000020980835,0.22649765014648438
0.36319997906684875,0.2551078796386719
0.3635999858379364,0.2551078796386719
0.36399999260902405,0.23603439331054688
0.3643999993801117,0.17404556274414062
0.36479997634887695,0.15974044799804688
0.3651999831199646,0.24557113647460938
0.36559998989105225,0.2741813659667969
0.3659999966621399,0.22172927856445312
0.36640000343322754,0.24557113647460938
0.3667999804019928,0.2741813659667969
0.36719998717308044,0.2741813659667969
0.3675999939441681,0.2503395080566406
0.36800000071525574,0.2646446228027344
0.368399977684021,0.18835067749023438
0.36879998445510864,0.21696090698242188
0.3691999912261963,0.2789497375488281
0.36959999799728394,0.3504753112792969
0.3700000047683716,0.18358230590820312
0.37039998173713684,0.23603439331054688
0.3707999885082245,0.22172927856445312
0.37119999527931213,0.3457069396972656
0.3716000020503998,0.20742416381835938
0.37199997901916504,0.2694129943847656
0.3723999857902527,0.2741813659667969
0.37279999256134033,0.2551078796386719
0.373199999332428,0.23603439331054688
0.37359997630119324,0.24080276489257812
0.3739999830722809,0.2551078796386719
0.37439998984336853,0.2694129943847656
0.3747999966144562,0.2789497375488281
0.3752000033855438,0.22172927856445312
0.3755999803543091,0.2884864807128906
0.37599998712539673,0.2598762512207031
0.3763999938964844,0.18358230590820312
0.376800000667572,0.22172927856445312
0.3771999776363373,0.3361701965332031
0.3775999844074249,0.2551078796386719
0.3779999911785126,0.20265579223632812
0.3783999979496002,0.18358230590820312
0.37880000472068787,0.2503395080566406
0.3791999816894531,0.23603439331054688
0.37959998846054077,0.21219253540039062
0.3799999952316284,0.2884864807128906
0.38040000200271606,0.2503395080566406
0.3807999789714813,0.22649765014648438
0.38119998574256897,0.3552436828613281
0.3815999925136566,0.18358230590820312
0.38199999928474426,0.24557113647460938
0.3823999762535095,0.24080276489257812
0.38279998302459717,0.2503395080566406
0.3831999897956848,0.12159347534179688
0.38359999656677246,0.16927719116210938
0.3840000033378601,0.24080276489257812
0.38439998030662537,0.2789497375488281
0.384799987077713,0.19311904907226562
0.38519999384880066,0.2598762512207031
0.3856000006198883,0.2694129943847656
0.38599997758865356,0.24557113647460938
0.3863999843597412,0.2646446228027344
0.38679999113082886,0.2741813659667969
0.3871999979019165,0.19788742065429688
0.38760000467300415,0.24080276489257812
0.3879999816417694,0.21219253540039062
0.38839998841285706,0.24080276489257812
0.3887999951839447,0.2741813659667969
0.38920000195503235,0.24080276489257812
0.3895999789237976,0.2503395080566406
0.38999998569488525,0.2753734588623047
0.3903999924659729,0.3218650817871094
0.39079999923706055,0.2884864807128906
0.3911999762058258,0.3075599670410156
0.39159998297691345,0.22172927856445312
0.3919999897480011,0.13113021850585938
0.39239999651908875,0.24557113647460938
0.3928000032901764,0.21696090698242188
0.39319998025894165,0.24080276489257812
0.3935999870300293,0.21219253540039062
0.39399999380111694,0.3218650817871094
0.3944000005722046,0.23603439331054688
0.39479997754096985,0.2741813659667969
0.3951999843120575,0.2503395080566406
0.39559999108314514,0.2384185791015625
0.3959999978542328,0.22172927856445312
0.39640000462532043,0.20742416381835938
0.3967999815940857,0.2741813659667969
0.39719998836517334,0.21696090698242188
0.397599995136261,0.3027915954589844
0.39800000190734863,0.2837181091308594
0.3983999788761139,0.2372264862060547
0.39879998564720154,0.16450881958007812
0.3991999924182892,0.19788742065429688
0.39959999918937683,0.2598762512207031
0.3999999761581421,0.2884864807128906
0.40039998292922974,0.23603439331054688
0.4007999897003174,0.22649765014648438
0.40119999647140503,0.21696090698242188
0.4016000032424927,0.23603439331054688
0.40199998021125793,0.24318695068359375
0.4023999869823456,0.2598762512207031
0.4027999937534332,0.2598762512207031
0.4032000005245209,0.2598762512207031
0.40359997749328613,0.2837181091308594
0.4039999842643738,0.18358230590820312
0.4043999910354614,0.2741813659667969
0.4047999978065491,0.14543533325195312
0.4052000045776367,0.2551078796386719
0.405599981546402,0.24557113647460938
0.4059999883174896,0.2598762512207031
0.40639999508857727,0.2741813659667969
0.4068000018596649,0.2646446228027344
0.4071999788284302,0.2741813659667969
0.4075999855995178,0.2932548522949219
0.40799999237060547,0.2646446228027344
0.4083999991416931,0.22649765014648438
0.4087999761104584,0.2741813659667969
0.409199982881546,0.11682510375976562
0.40959998965263367,0.20265579223632812
0.4099999964237213,0.2503395080566406
0.41040000319480896,0.15497207641601562
0.4107999801635742,0.23126602172851562
0.41119998693466187,0.24080276489257812
0.4115999937057495,0.23365020751953125
0.41200000047683716,0.23603439331054688
0.4123999774456024,0.22649765014648438
0.41279998421669006,0.23603439331054688
0.4131999909877777,0.24080276489257812
0.41359999775886536,0.24080276489257812
0.4139999747276306,0.19311904907226562
0.41439998149871826,0.2646446228027344
0.4147999882698059,0.20742416381835938
0.41519999504089355,0.19788742065429688
0.4156000018119812,0.2694129943847656
0.41599997878074646,0.2646446228027344
0.4163999855518341,0.24318695068359375
0.41679999232292175,0.21219253540039062
0.4171999990940094,0.22649765014648438
0.41759997606277466,0.21219253540039062
0.4179999828338623,0.22649765014648438
0.41839998960494995,0.2694129943847656
0.4187999963760376,0.2598762512207031
0.41920000314712524,0.20742416381835938
0.4195999801158905,0.15020370483398438
0.41999998688697815,0.2598762512207031
0.4203999936580658,0.15020370483398438
0.42080000042915344,0.21696090698242188
0.4211999773979187,0.15497207641601562
0.42159998416900635,0.20265579223632812
0.421999990940094,0.2598762512207031
0.42239999771118164,0.23126602172851562
0.4227999746799469,0.20742416381835938
0.42319998145103455,0.22172927856445312
0.4235999882221222,0.20384788513183594
0.42399999499320984,0.18358230590820312
0.4244000017642975,0.20265579223632812
0.42479997873306274,0.2551078796386719
0.4251999855041504,0.2646446228027344
0.42559999227523804,0.2789497375488281
0.4259999990463257,0.22649765014648438
0.42639997601509094,0.14066696166992188
0.4267999827861786,0.16927719116210938
0.42719998955726624,0.2694129943847656
0.4275999963283539,0.3266334533691406
0.42800000309944153,0.17404556274414062
0.4283999800682068,0.23603439331054688
0.42879998683929443,0.2741813659667969
0.4291999936103821,0.22649765014648438
0.4296000003814697,0.22172927856445312
0.429999977350235,0.2837181091308594
0.43039998412132263,0.19311904907226562
0.4307999908924103,0.23603439331054688
0.4311999976634979,0.14543533325195312
0.4315999746322632,0.17881393432617188
0.43199998140335083,0.2980232238769531
0.4323999881744385,0.13589859008789062
0.4327999949455261,0.21219253540039062
0.43320000171661377,0.20265579223632812
0.43359997868537903,0.19669532775878906
0.4339999854564667,0.18358230590820312
0.4343999922275543,0.18835067749023438
0.43479999899864197,0.1704692840576172
0.4351999759674072,0.14543533325195312
0.4355999827384949,0.16450881958007812
0.4359999895095825,0.24080276489257812
0.43639999628067017,0.24080276489257812
0.4368000030517578,0.21696090698242188
0.43719998002052307,0.2598762512207031
0.4375999867916107,0.16927719116210938
0.43799999356269836,0.18358230590820312
0.438400000333786,0.24557113647460938
0.43879997730255127,0.2694129943847656
0.4391999840736389,0.22649765014648438
0.43959999084472656,0.2694129943847656
0.4399999976158142,0.17881393432617188
0.44039997458457947,0.24557113647460938
0.4407999813556671,0.16450881958007812
0.44119998812675476,0.15974044799804688
0.4415999948978424,0.19073486328125
0.44200000166893005,0.19311904907226562
0.4423999786376953,0.24557113647460938
0.44279998540878296,0.24080276489257812
0.4431999921798706,0.20742416381835938
0.44359999895095825,0.16450881958007812
0.4439999759197235,0.2503395080566406
0.44439998269081116,0.2884864807128906
0.4447999894618988,0.2598762512207031
0.44519999623298645,0.23126602172851562
0.4456000030040741,0.13589859008789062
0.44599997997283936,0.20265579223632812
0.446399986743927,0.24557113647460938
0.44679999351501465,0.21696090698242188
0.4472000002861023,0.21696090698242188
0.44759997725486755,0.21696090698242188
0.4479999840259552,0.18835067749023438
0.44839999079704285,0.3409385681152344
0.4487999975681305,0.20742416381835938
0.44919997453689575,0.2741813659667969
0.4495999813079834,0.12636184692382812
0.44999998807907104,0.21696090698242188
0.4503999948501587,0.20742416381835938
0.45080000162124634,0.2551078796386719
0.4511999785900116,0.22172927856445312
0.45159998536109924,0.2503395080566406
0.4519999921321869,0.22649765014648438
0.45239999890327454,0.19788742065429688
0.4527999758720398,0.2741813659667969
0.45319998264312744,0.2932548522949219
0.4535999894142151,0.2598762512207031
0.45399999618530273,0.2598762512207031
0.4544000029563904,0.2646446228027344
0.45479997992515564,0.23603439331054688
0.4551999866962433,0.2741813659667969
0.45559999346733093,0.2384185791015625
0.4560000002384186,0.23603439331054688
0.45639997720718384,0.20742416381835938
0.4567999839782715,0.24557113647460938
0.45719999074935913,0.22172927856445312
0.4575999975204468,0.21696090698242188
0.45799997448921204,0.2789497375488281
0.4583999812602997,0.19311904907226562
0.45879998803138733,0.3075599670410156
0.459199994802475,0.19788742065429688
0.4596000015735626,0.15974044799804688
0.4599999785423279,0.2980232238769531
0.4603999853134155,0.2551078796386719
0.4607999920845032,0.20742416381835938
0.4611999988555908,0.20265579223632812
0.4615999758243561,0.23365020751953125
0.4619999825954437,0.2646446228027344
0.46239998936653137,0.2598762512207031
0.462799996137619,0.22649765014648438
0.46320000290870667,0.19311904907226562
0.4635999798774719,0.19788742065429688
0.46399998664855957,0.18358230590820312
0.4643999934196472,0.14543533325195312
0.46480000019073486,0.19788742065429688
0.4651999771595001,0.2837181091308594
0.46559998393058777,0.2598762512207031
0.4659999907016754,0.2646446228027344
0.46639999747276306,0.24437904357910156
0.4667999744415283,0.2598762512207031
0.46719998121261597,0.19311904907226562
0.4675999879837036,0.18358230590820312
0.46799999475479126,0.23126602172851562
0.4684000015258789,0.2694129943847656
0.46879997849464417,0.2789497375488281
0.4691999852657318,0.25391578674316406
0.46959999203681946,0.22649765014648438
0.4699999988079071,0.24080276489257812
0.47039997577667236,0.20265579223632812
0.47079998254776,0.18835067749023438
0.47119998931884766,0.16450881958007812
0.4715999960899353,0.2789497375488281
0.47200000286102295,0.20265579223632812
0.4723999798297882,0.3027915954589844
0.47279998660087585,0.21219253540039062
0.4731999933719635,0.2503395080566406
0.47360000014305115,0.24557113647460938
0.4739999771118164,0.2503395080566406
0.47439998388290405,0.19788742065429688
0.4747999906539917,0.15497207641601562
0.47519999742507935,0.23603439331054688
0.4755999743938446,0.20265579223632812
0.47599998116493225,0.20265579223632812
0.4763999879360199,0.2789497375488281
0.47679999470710754,0.2837181091308594
0.4772000014781952,0.24199485778808594
0.47759997844696045,0.18835067749023438
0.4779999852180481,0.21696090698242188
0.47839999198913574,0.19788742065429688
0.4787999987602234,0.22530555725097656
0.47919997572898865,0.2503395080566406
0.4795999825000763,0.23603439331054688
0.47999998927116394,0.22649765014648438
0.4803999960422516,0.2193450927734375
0.48079997301101685,0.21696090698242188
0.4811999797821045,0.19788742065429688
0.48159998655319214,0.2741813659667969
0.4819999933242798,0.21219253540039062
0.48240000009536743,0.23603439331054688
0.4827999770641327,0.17881393432617188
0.48319998383522034,0.21219253540039062
0.483599990606308,0.20742416381835938
0.48399999737739563,0.2300739288330078
0.4843999743461609,0.2503395080566406
0.48479998111724854,0.2503395080566406
0.4851999878883362,0.2467632293701172
0.48559999465942383,0.23603439331054688
0.4860000014305115,0.2244114875793457
0.48639997839927673,0.20742416381835938
0.4867999851703644,0.20742416381835938
0.487199991941452,0.21457672119140625
0.4875999987125397,0.21219253540039062
0.48799997568130493,0.23126602172851562
0.4883999824523926,0.23603439331054688
0.4887999892234802,0.21219253540039062
0.48919999599456787,0.14066696166992188
0.48959997296333313,0.17881393432617188
0.4899999797344208,0.18358230590820312
0.4903999865055084,0.17881393432617188
0.49079999327659607,0.12159347534179688
0.4912000000476837,0.20742416381835938
0.491599977016449,0.2646446228027344
0.4919999837875366,0.14066696166992188
0.49239999055862427,0.22649765014648438
0.4927999973297119,0.15497207641601562
0.4931999742984772,0.2503395080566406
0.4935999810695648,0.18835067749023438
0.49399998784065247,0.21219253540039062
0.4943999946117401,0.17881393432617188
0.49480000138282776,0.21696090698242188
0.495199978351593,0.19311904907226562
0.49559998512268066,0.23603439331054688
0.4959999918937683,0.19788742065429688
0.49639999866485596,0.18835067749023438
0.4967999756336212,0.13589859008789062
0.49719998240470886,0.11205673217773438
0.4975999891757965,0.20742416381835938
0.49799999594688416,0.2694129943847656
0.4983999729156494,0.24080276489257812
0.49879997968673706,0.2300739288330078
0.4991999864578247,0.23096799850463867
0.49959999322891235,0.22649765014648438
0.5,0.2633780241012573
0.5004000067710876,0.3027915954589844
0.5008000135421753,0.2932548522949219
0.5011999607086182,0.19788742065429688
0.5015999674797058,0.18835067749023438
0.5019999742507935,0.18358230590820312
0.5023999810218811,0.18835067749023438
0.5027999877929688,0.19788742065429688
0.5031999945640564,0.20742416381835938
0.503600001335144,0.18835067749023438
0.5040000081062317,0.19788742065429688
0.5044000148773193,0.2503395080566406
0.5047999620437622,0.17404556274414062
0.5051999688148499,0.09298324584960938
0.5055999755859375,0.18835067749023438
0.5059999823570251,0.17881393432617188
0.5063999891281128,0.19431114196777344
0.5067999958992004,0.20742416381835938
0.5072000026702881,0.20265579223632812
0.5076000094413757,0.20384788513183594
0.5080000162124634,0.20742416381835938
0.5083999633789062,0.19788742065429688
0.5087999701499939,0.20742416381835938
0.5091999769210815,0.22649765014648438
0.5095999836921692,0.2396106719970703
0.5099999904632568,0.2646446228027344
0.5103999972343445,0.2598762512207031
0.5108000040054321,0.13113021850585938
0.5112000107765198,0.3218650817871094
0.5115999579429626,0.16927719116210938
0.5119999647140503,0.23603439331054688
0.5123999714851379,0.22649765014648438
0.5127999782562256,0.22649765014648438
0.5131999850273132,0.22649765014648438
0.5135999917984009,0.24557113647460938
0.5139999985694885,0.2598762512207031
0.5144000053405762,0.2694129943847656
0.5148000121116638,0.23126602172851562
0.5151999592781067,0.18358230590820312
0.5155999660491943,0.15497207641601562
0.515999972820282,0.15497207641601562
0.5163999795913696,0.1704692840576172
0.5167999863624573,0.19222497940063477
0.5171999931335449,0.22172927856445312
0.5175999999046326,0.22172927856445312
0.5180000066757202,0.15020370483398438
0.5184000134468079,0.2932548522949219
0.5187999606132507,0.22172927856445312
0.5191999673843384,0.20742416381835938
0.519599974155426,0.19311904907226562
0.5199999809265137,0.23603439331054688
0.5203999876976013,0.21219253540039062
0.520799994468689,0.17881393432617188
0.5212000012397766,0.22649765014648438
0.5216000080108643,0.17881393432617188
0.5220000147819519,0.2598762512207031
0.5223999619483948,0.17881393432617188
0.5227999687194824,0.24080276489257812
0.5231999754905701,0.16450881958007812
0.5235999822616577,0.2837181091308594
0.5239999890327454,0.23603439331054688
0.524399995803833,0.25153160095214844
0.5248000025749207,0.24080276489257812
0.5252000093460083,0.24557113647460938
0.525600016117096,0.23484230041503906
0.5259999632835388,0.24080276489257812
0.5263999700546265,0.21219253540039062
0.5267999768257141,0.21219253540039062
0.5271999835968018,0.20742416381835938
0.5275999903678894,0.2014636993408203
0.527999997138977,0.18328428268432617
0.5284000039100647,0.15020370483398438
0.5288000106811523,0.17404556274414062
0.5291999578475952,0.18358230590820312
0.5295999646186829,0.23126602172851562
0.5299999713897705,0.14066696166992188
0.5303999781608582,0.24557113647460938
0.5307999849319458,0.2741813659667969
0.5311999917030334,0.20265579223632812
0.5315999984741211,0.2503395080566406
0.5320000052452087,0.23126602172851562
0.5324000120162964,0.24199485778808594
0.5327999591827393,0.24557113647460938
0.5331999659538269,0.24080276489257812
0.5335999727249146,0.22649765014648438
0.5339999794960022,0.19788742065429688
0.5343999862670898,0.22172927856445312
0.5347999930381775,0.17881393432617188
0.5351999998092651,0.14543533325195312
0.5356000065803528,0.15020370483398438
0.5360000133514404,0.24080276489257812
0.5363999605178833,0.06914138793945312
0.536799967288971,0.20742416381835938
0.5371999740600586,0.22172927856445312
0.5375999808311462,0.21696090698242188
0.5379999876022339,0.18835067749023438
0.5383999943733215,0.24080276489257812
0.5388000011444092,0.2741813659667969
0.5392000079154968,0.2980232238769531
0.5396000146865845,0.20265579223632812
0.5399999618530273,0.16927719116210938
0.540399968624115,0.2598762512207031
0.5407999753952026,0.13113021850585938
0.5411999821662903,0.2598762512207031
0.5415999889373779,0.17881393432617188
0.5419999957084656,0.2551078796386719
0.5424000024795532,0.23603439331054688
0.5428000092506409,0.22649765014648438
0.5432000160217285,0.2503395080566406
0.5435999631881714,0.22172927856445312
0.543999969959259,0.16927719116210938
0.5443999767303467,0.13113021850585938
0.5447999835014343,0.19311904907226562
0.545199990272522,0.2837181091308594
0.5455999970436096,0.19311904907226562
0.5460000038146973,0.2789497375488281
0.5464000105857849,0.11682510375976562
0.5467999577522278,0.2980232238769531
0.5471999645233154,0.22172927856445312
0.5475999712944031,0.22172927856445312
0.5479999780654907,0.21219253540039062
0.5483999848365784,0.18835067749023438
0.548799991607666,0.16450881958007812
0.5491999983787537,0.23126602172851562
0.5496000051498413,0.17404556274414062
0.550000011920929,0.2646446228027344
0.5503999590873718,0.17404556274414062
0.5507999658584595,0.21696090698242188
0.5511999726295471,0.17404556274414062
0.5515999794006348,0.23603439331054688
0.5519999861717224,0.19788742065429688
0.5523999929428101,0.17881393432617188
0.5527999997138977,0.14066696166992188
0.5532000064849854,0.13589859008789062
0.553600013256073,0.15497207641601562
0.5539999604225159,0.10251998901367188
0.5543999671936035,0.13589859008789062
0.5547999739646912,0.22172927856445312
0.5551999807357788,0.21219253540039062
0.5555999875068665,0.24080276489257812
0.5559999942779541,0.17404556274414062
0.5564000010490417,0.21696090698242188
0.5568000078201294,0.20742416381835938
0.557200014591217,0.11205673217773438
0.5575999617576599,0.19788742065429688
0.5579999685287476,0.2741813659667969
0.5583999752998352,0.10251998901367188
0.5587999820709229,0.15020370483398438
0.5591999888420105,0.17881393432617188
0.5595999956130981,0.18358230590820312
0.5600000023841858,0.17404556274414062
0.5604000091552734,0.2741813659667969
0.5607999563217163,0.3170967102050781
0.561199963092804,0.18358230590820312
0.5615999698638916,0.19311904907226562
0.5619999766349792,0.209808349609375
0.5623999834060669,0.24080276489257812
0.5627999901771545,0.22172927856445312
0.5631999969482422,0.2503395080566406
0.5636000037193298,0.24437904357910156
0.5640000104904175,0.2694129943847656
0.5643999576568604,0.23603439331054688
0.564799964427948,0.18835067749023438
0.5651999711990356,0.2503395080566406
0.5655999779701233,0.20265579223632812
0.5659999847412109,0.21696090698242188
0.5663999915122986,0.16927719116210938
0.5667999982833862,0.2837181091308594
0.5672000050544739,0.23126602172851562
0.5676000118255615,0.2980232238769531
0.5679999589920044,0.19788742065429688
0.568399965763092,0.22172927856445312
0.5687999725341797,0.20265579223632812
0.5691999793052673,0.20742416381835938
0.569599986076355,0.16450881958007812
0.5699999928474426,0.16450881958007812
0.5703999996185303,0.17642974853515625
0.5708000063896179,0.19311904907226562
0.5712000131607056,0.18358230590820312
0.5715999603271484,0.20742416381835938
0.5719999670982361,0.22649765014648438
0.5723999738693237,0.20265579223632812
0.5727999806404114,0.2551078796386719
0.573199987411499,0.19788742065429688
0.5735999941825867,0.23603439331054688
0.5740000009536743,0.21219253540039062
0.574400007724762,0.20742416381835938
0.5748000144958496,0.18358230590820312
0.5751999616622925,0.22649765014648438
0.5755999684333801,0.20265579223632812
0.5759999752044678,0.17881393432617188
0.5763999819755554,0.2551078796386719
0.5767999887466431,0.22649765014648438
0.5771999955177307,0.17881393432617188
0.5776000022888184,0.18358230590820312
0.578000009059906,0.21219253540039062
0.5783999562263489,0.17881393432617188
0.5787999629974365,0.23126602172851562
0.5791999697685242,0.2503395080566406
0.5795999765396118,0.19788742065429688
0.5799999833106995,0.15974044799804688
0.5803999900817871,0.18835067749023438
0.5807999968528748,0.19788742065429688
0.5812000036239624,0.19788742065429688
0.58160001039505,0.22172927856445312
0.5819999575614929,0.24557113647460938
0.5823999643325806,0.22649765014648438
0.5827999711036682,0.20503997802734375
0.5831999778747559,0.15974044799804688
0.5835999846458435,0.18835067749023438
0.5839999914169312,0.21696090698242188
0.5843999981880188,0.21219253540039062
0.5848000049591064,0.16927719116210938
0.5852000117301941,0.10728836059570312
0.585599958896637,0.13589859008789062
0.5859999656677246,0.11682510375976562
0.5863999724388123,0.15854835510253906
0.5867999792098999,0.20742416381835938
0.5871999859809875,0.17404556274414062
0.5875999927520752,0.16927719116210938
0.5879999995231628,0.24080276489257812
0.5884000062942505,0.13589859008789062
0.5888000130653381,0.24080276489257812
0.589199960231781,0.14066696166992188
0.5895999670028687,0.18835067749023438
0.5899999737739563,0.22172927856445312
0.590399980545044,0.2551078796386719
0.5907999873161316,0.2646446228027344
0.5911999940872192,0.21696090698242188
0.5916000008583069,0.21696090698242188
0.5920000076293945,0.2646446228027344
0.5924000144004822,0.24080276489257812
0.592799961566925,0.18835067749023438
0.5931999683380127,0.17404556274414062
0.5935999751091003,0.24080276489257812
0.593999981880188,0.17881393432617188
0.5943999886512756,0.24557113647460938
0.5947999954223633,0.20742416381835938
0.5952000021934509,0.19073486328125
0.5956000089645386,0.15497207641601562
0.5959999561309814,0.15497207641601562
0.5963999629020691,0.18835067749023438
0.5967999696731567,0.16570091247558594
0.5971999764442444,0.15974044799804688
0.597599983215332,0.15974044799804688
0.5979999899864197,0.1621246337890625
0.5983999967575073,0.16927719116210938
0.598800003528595,0.15974044799804688
0.5992000102996826,0.15497207641601562
0.5995999574661255,0.24080276489257812
0.5999999642372131,0.2741813659667969
0.6003999710083008,0.22172927856445312
0.6007999777793884,0.16450881958007812
0.6011999845504761,0.15497207641601562
0.6015999913215637,0.2884864807128906
0.6019999980926514,0.2789497375488281
0.602400004863739,0.19788742065429688
0.6028000116348267,0.16450881958007812
0.6031999588012695,0.15020370483398438
0.6035999655723572,0.23126602172851562
0.6039999723434448,0.20265579223632812
0.6043999791145325,0.15020370483398438
0.6047999858856201,0.14066696166992188
0.6051999926567078,0.21219253540039062
0.6055999994277954,0.2741813659667969
0.6060000061988831,0.15497207641601562
0.6064000129699707,0.22172927856445312
0.6067999601364136,0.2837181091308594
0.6071999669075012,0.23603439331054688
0.6075999736785889,0.15020370483398438
0.6079999804496765,0.20265579223632812
0.6083999872207642,0.18835067749023438
0.6087999939918518,0.22172927856445312
0.6092000007629395,0.23126602172851562
0.6096000075340271,0.21457672119140625
0.6100000143051147,0.21696090698242188
0.6103999614715576,0.18835067749023438
0.6107999682426453,0.15020370483398438
0.6111999750137329,0.18835067749023438
0.6115999817848206,0.20265579223632812
0.6119999885559082,0.2086162567138672
0.6123999953269958,0.19788742065429688
0.6128000020980835,0.24557113647460938
0.6132000088691711,0.12636184692382812
0.613599956035614,0.21696090698242188
0.6139999628067017,0.15497207641601562
0.6143999695777893,0.15974044799804688
0.614799976348877,0.17404556274414062
0.6151999831199646,0.17881393432617188
0.6155999898910522,0.17404556274414062
0.6159999966621399,0.19311904907226562
0.6164000034332275,0.2741813659667969
0.6168000102043152,0.2551078796386719
0.6171999573707581,0.18358230590820312
0.6175999641418457,0.24080276489257812
0.6179999709129333,0.18358230590820312
0.618399977684021,0.2503395080566406
0.6187999844551086,0.22649765014648438
0.6191999912261963,0.13589859008789062
0.6195999979972839,0.23603439331054688
0.6200000047683716,0.11205673217773438
0.6204000115394592,0.19311904907226562
0.6207999587059021,0.14543533325195312
0.6211999654769897,0.22649765014648438
0.6215999722480774,0.23126602172851562
0.621999979019165,0.1990795135498047
0.6223999857902527,0.16450881958007812
0.6227999925613403,0.17404556274414062
0.623199999332428,0.21696090698242188
0.6236000061035156,0.21696090698242188
0.6240000128746033,0.20265579223632812
0.6243999600410461,0.22649765014648438
0.6247999668121338,0.16927719116210938
0.6251999735832214,0.20742416381835938
0.6255999803543091,0.21219253540039062
0.6259999871253967,0.23126602172851562
0.6263999938964844,0.24080276489257812
0.626800000667572,0.2646446228027344
0.6272000074386597,0.22649765014648438
0.6275999546051025,0.2574920654296875
0.6279999613761902,0.2789497375488281
0.6283999681472778,0.2598762512207031
0.6287999749183655,0.21696090698242188
0.6291999816894531,0.19788742065429688
0.6295999884605408,0.18358230590820312
0.6299999952316284,0.23126602172851562
0.6304000020027161,0.14543533325195312
0.6308000087738037,0.2646446228027344
0.6311999559402466,0.19311904907226562
0.6315999627113342,0.18358230590820312
0.6319999694824219,0.19431114196777344
0.6323999762535095,0.19311904907226562
0.6327999830245972,0.20742416381835938
0.6331999897956848,0.16927719116210938
0.6335999965667725,0.21219253540039062
0.6340000033378601,0.2598762512207031
0.6344000101089478,0.13589859008789062
0.6347999572753906,0.23603439331054688
0.6351999640464783,0.14066696166992188
0.6355999708175659,0.22649765014648438
0.6359999775886536,0.22172927856445312
0.6363999843597412,0.09775161743164062
0.6367999911308289,0.2741813659667969
0.6371999979019165,0.16450881958007812
0.6376000046730042,0.21696090698242188
0.6380000114440918,0.2551078796386719
0.6383999586105347,0.23603439331054688
0.6387999653816223,0.16450881958007812
0.63919997215271,0.20265579223632812
0.6395999789237976,0.16927719116210938
0.6399999856948853,0.2741813659667969
0.6403999924659729,0.13113021850585938
0.6407999992370605,0.20265579223632812
0.6412000060081482,0.2503395080566406
0.6416000127792358,0.15974044799804688
0.6419999599456787,0.16927719116210938
0.6423999667167664,0.1537799835205078
0.642799973487854,0.15974044799804688
0.6431999802589417,0.18209218978881836
0.6435999870300293,0.20265579223632812
0.6439999938011169,0.21219253540039062
0.6444000005722046,0.21696090698242188
0.6448000073432922,0.21219253540039062
0.6451999545097351,0.22172927856445312
0.6455999612808228,0.13589859008789062
0.6459999680519104,0.20742416381835938
0.646399974822998,0.14066696166992188
0.6467999815940857,0.09775161743164062
0.6471999883651733,0.18835067749023438
0.647599995136261,0.2646446228027344
0.6480000019073486,0.16450881958007812
0.6484000086784363,0.19311904907226562
0.6487999558448792,0.17404556274414062
0.6491999626159668,0.16927719116210938
0.6495999693870544,0.17404556274414062
0.6499999761581421,0.20623207092285156
0.6503999829292297,0.24557113647460938
0.6507999897003174,0.23603439331054688
0.651199996471405,0.17404556274414062
0.6516000032424927,0.18358230590820312
0.6520000100135803,0.22172927856445312
0.6523999571800232,0.10251998901367188
0.6527999639511108,0.2503395080566406
0.6531999707221985,0.14066696166992188
0.6535999774932861,0.21696090698242188
0.6539999842643738,0.19311904907226562
0.6543999910354614,0.20742416381835938
0.6547999978065491,0.20265579223632812
0.6552000045776367,0.21219253540039062
0.6556000113487244,0.2646446228027344
0.6559999585151672,0.19311904907226562
0.6563999652862549,0.22649765014648438
0.6567999720573425,0.2789497375488281
0.6571999788284302,0.11682510375976562
0.6575999855995178,0.17404556274414062
0.6579999923706055,0.21219253540039062
0.6583999991416931,0.21219253540039062
0.6588000059127808,0.20265579223632812
0.6592000126838684,0.19788742065429688
0.6595999598503113,0.19788742065429688
0.6599999666213989,0.20265579223632812
0.6603999733924866,0.18835067749023438
0.6607999801635742,0.19788742065429688
0.6611999869346619,0.18835067749023438
0.6615999937057495,0.13589859008789062
0.6620000004768372,0.22172927856445312
0.6624000072479248,0.2932548522949219
0.6627999544143677,0.3170967102050781
0.6631999611854553,0.2646446228027344
0.663599967956543,0.21219253540039062
0.6639999747276306,0.23603439331054688
0.6643999814987183,0.14066696166992188
0.6647999882698059,0.19311904907226562
0.6651999950408936,0.15497207641601562
0.6656000018119812,0.15497207641601562
0.6660000085830688,0.18358230590820312
0.6663999557495117,0.15020370483398438
0.6667999625205994,0.12159347534179688
0.667199969291687,0.11682510375976562
0.6675999760627747,0.15497207641601562
0.6679999828338623,0.19311904907226562
0.66839998960495,0.21219253540039062
0.6687999963760376,0.2551078796386719
0.6692000031471252,0.2884864807128906
0.6696000099182129,0.18835067749023438
0.6699999570846558,0.21219253540039062
0.6703999638557434,0.24080276489257812
0.670799970626831,0.20742416381835938
0.6711999773979187,0.23126602172851562
0.6715999841690063,0.17404556274414062
0.671999990940094,0.14543533325195312
0.6723999977111816,0.12159347534179688
0.6728000044822693,0.21696090698242188
0.6732000112533569,0.18835067749023438
0.6735999584197998,0.20742416381835938
0.6739999651908875,0.19788742065429688
0.6743999719619751,0.17404556274414062
0.6747999787330627,0.12636184692382812
0.6751999855041504,0.23603439331054688
0.675599992275238,0.19788742065429688
0.6759999990463257,0.14543533325195312
0.6764000058174133,0.20742416381835938
0.676800012588501,0.07390975952148438
0.6771999597549438,0.17881393432617188
0.6775999665260315,0.2503395080566406
0.6779999732971191,0.22172927856445312
0.6783999800682068,0.20742416381835938
0.6787999868392944,0.20265579223632812
0.6791999936103821,0.18358230590820312
0.6796000003814697,0.18835067749023438
0.6800000071525574,0.20265579223632812
0.6803999543190002,0.21696090698242188
0.6807999610900879,0.24080276489257812
0.6811999678611755,0.19788742065429688
0.6815999746322632,0.17404556274414062
0.6819999814033508,0.14066696166992188
0.6823999881744385,0.21219253540039062
0.6827999949455261,0.18835067749023438
0.6832000017166138,0.18835067749023438
0.6836000084877014,0.18715858459472656
0.6839999556541443,0.17881393432617188
0.6843999624252319,0.19311904907226562
0.6847999691963196,0.22172927856445312
0.6851999759674072,0.24080276489257812
0.6855999827384949,0.23603439331054688
0.6859999895095825,0.19788742065429688
0.6863999962806702,0.13589859008789062
0.6868000030517578,0.16450881958007812
0.6872000098228455,0.20265579223632812
0.6875999569892883,0.18835067749023438
0.687999963760376,0.16450881958007812
0.6883999705314636,0.17881393432617188
0.6887999773025513,0.2110004425048828
0.6891999840736389,0.2503395080566406
0.6895999908447266,0.2503395080566406
0.6899999976158142,0.25272369384765625
0.6904000043869019,0.2282857894897461
0.6908000111579895,0.22172927856445312
0.6911999583244324,0.18835067749023438
0.69159996509552,0.13589859008789062
0.6919999718666077,0.14543533325195312
0.6923999786376953,0.1800060272216797
0.692799985408783,0.21219253540039062
0.6931999921798706,0.22649765014648438
0.6935999989509583,0.21696090698242188
0.6940000057220459,0.2181529998779297
0.6943999528884888,0.24080276489257812
0.6947999596595764,0.18835067749023438
0.6951999664306641,0.2503395080566406
0.6955999732017517,0.20265579223632812
0.6959999799728394,0.17881393432617188
0.696399986743927,0.14066696166992188
0.6967999935150146,0.16927719116210938
0.6972000002861023,0.16450881958007812
0.6976000070571899,0.17881393432617188
0.6979999542236328,0.24080276489257812
0.6983999609947205,0.21696090698242188
0.6987999677658081,0.14543533325195312
0.6991999745368958,0.2551078796386719
0.6995999813079834,0.14543533325195312
0.699999988079071,0.13113021850585938
0.7003999948501587,0.18358230590820312
0.7008000016212463,0.22649765014648438
0.701200008392334,0.13113021850585938
0.7015999555587769,0.23603439331054688
0.7019999623298645,0.18358230590820312
0.7023999691009521,0.20265579223632812
0.7027999758720398,0.14066696166992188
0.7031999826431274,0.21219253540039062
0.7035999894142151,0.15020370483398438
0.7039999961853027,0.16450881958007812
0.7044000029563904,0.17881393432617188
0.704800009727478,0.11682510375976562
0.7051999568939209,0.17404556274414062
0.7055999636650085,0.21219253540039062
0.7059999704360962,0.19788742065429688
0.7063999772071838,0.2086162567138672
0.7067999839782715,0.22172927856445312
0.7071999907493591,0.20265579223632812
0.7075999975204468,0.21696090698242188
0.7080000042915344,0.18358230590820312
0.7084000110626221,0.21219253540039062
0.7087999582290649,0.18835067749023438
0.7091999650001526,0.15974044799804688
0.7095999717712402,0.20742416381835938
0.7099999785423279,0.22649765014648438
0.7103999853134155,0.20742416381835938
0.7107999920845032,0.13113021850585938
0.7111999988555908,0.19311904907226562
0.7116000056266785,0.14543533325195312
0.7119999527931213,0.17881393432617188
0.712399959564209,0.15974044799804688
0.7127999663352966,0.21219253540039062
0.7131999731063843,0.21696090698242188
0.7135999798774719,0.10251998901367188
0.7139999866485596,0.17881393432617188
0.7143999934196472,0.2598762512207031
0.7148000001907349,0.19788742065429688
0.7152000069618225,0.2789497375488281
0.7155999541282654,0.16450881958007812
0.715999960899353,0.14066696166992188
0.7163999676704407,0.18358230590820312
0.7167999744415283,0.2503395080566406
0.717199981212616,0.2884864807128906
0.7175999879837036,0.18358230590820312
0.7179999947547913,0.12159347534179688
0.7184000015258789,0.18835067749023438
0.7188000082969666,0.17881393432617188
0.7191999554634094,0.21696090698242188
0.7195999622344971,0.2789497375488281
0.7199999690055847,0.15020370483398438
0.7203999757766724,0.19311904907226562
0.72079998254776,0.23603439331054688
0.7211999893188477,0.18835067749023438
0.7215999960899353,0.16927719116210938
0.722000002861023,0.17404556274414062
0.7224000096321106,0.2741813659667969
0.7227999567985535,0.15974044799804688
0.7231999635696411,0.23126602172851562
0.7235999703407288,0.21696090698242188
0.7239999771118164,0.19669532775878906
0.724399983882904,0.16450881958007812
0.7247999906539917,0.17404556274414062
0.7251999974250793,0.15974044799804688
0.725600004196167,0.12636184692382812
0.7260000109672546,0.17404556274414062
0.7263999581336975,0.15974044799804688
0.7267999649047852,0.14543533325195312
0.7271999716758728,0.16450881958007812
0.7275999784469604,0.16450881958007812
0.7279999852180481,0.18835067749023438
0.7283999919891357,0.2551078796386719
0.7287999987602234,0.09775161743164062
0.729200005531311,0.17404556274414062
0.7295999526977539,0.12636184692382812
0.7299999594688416,0.13113021850585938
0.7303999662399292,0.20742416381835938
0.7307999730110168,0.2598762512207031
0.7311999797821045,0.22172927856445312
0.7315999865531921,0.20742416381835938
0.7319999933242798,0.09775161743164062
0.7324000000953674,0.23126602172851562
0.7328000068664551,0.15020370483398438
0.733199954032898,0.19311904907226562
0.7335999608039856,0.24080276489257812
0.7339999675750732,0.24557113647460938
0.7343999743461609,0.23126602172851562
0.7347999811172485,0.12159347534179688
0.7351999878883362,0.16450881958007812
0.7355999946594238,0.17523765563964844
0.7360000014305115,0.21696090698242188
0.7364000082015991,0.19788742065429688
0.736799955368042,0.15020370483398438
0.7371999621391296,0.21696090698242188
0.7375999689102173,0.11682510375976562
0.7379999756813049,0.19788742065429688
0.7383999824523926,0.23603439331054688
0.7387999892234802,0.2014636993408203
0.7391999959945679,0.18835067749023438
0.7396000027656555,0.18358230590820312
0.7400000095367432,0.18477439880371094
0.740399956703186,0.19311904907226562
0.7407999634742737,0.17404556274414062
0.7411999702453613,0.17523765563964844
0.741599977016449,0.17404556274414062
0.7419999837875366,0.1862645149230957
0.7423999905586243,0.19788742065429688
0.7427999973297119,0.19788742065429688
0.7432000041007996,0.15020370483398438
0.7436000108718872,0.23126602172851562
0.7439999580383301,0.15020370483398438
0.7443999648094177,0.12159347534179688
0.7447999715805054,0.10251998901367188
0.745199978351593,0.2884864807128906
0.7455999851226807,0.12636184692382812
0.7459999918937683,0.21219253540039062
0.746399998664856,0.16450881958007812
0.7468000054359436,0.14543533325195312
0.7471999526023865,0.21219253540039062
0.7475999593734741,0.22172927856445312
0.7479999661445618,0.18358230590820312
0.7483999729156494,0.18358230590820312
0.7487999796867371,0.20384788513183594
0.7491999864578247,0.21219253540039062
0.7495999932289124,0.23603439331054688
0.75,0.20265579223632812
0.7504000067710876,0.17404556274414062
0.7507999539375305,0.13113021850585938
0.7511999607086182,0.09298324584960938
0.7515999674797058,0.21219253540039062
0.7519999742507935,0.12159347534179688
0.7523999810218811,0.15974044799804688
0.7527999877929688,0.17404556274414062
0.7531999945640564,0.17404556274414062
0.753600001335144,0.23126602172851562
0.7540000081062317,0.22649765014648438
0.7543999552726746,0.2288818359375
0.7547999620437622,0.23603439331054688
0.7551999688148499,0.22172927856445312
0.7555999755859375,0.23126602172851562
0.7559999823570251,0.19788742065429688
0.7563999891281128,0.22649765014648438
0.7567999958992004,0.16450881958007812
0.7572000026702881,0.21696090698242188
0.7576000094413757,0.14066696166992188
0.7579999566078186,0.07390975952148438
0.7583999633789062,0.20742416381835938
0.7587999701499939,0.14543533325195312
0.7591999769210815,0.14066696166992188
0.7595999836921692,0.14901161193847656
0.7599999904632568,0.16927719116210938
0.7603999972343445,0.14066696166992188
0.7608000040054321,0.171661376953125
0.761199951171875,0.18358230590820312
0.7615999579429626,0.19311904907226562
0.7619999647140503,0.18835067749023438
0.7623999714851379,0.2551078796386719
0.7627999782562256,0.07867813110351562
0.7631999850273132,0.18835067749023438
0.7635999917984009,0.2503395080566406
0.7639999985694885,0.20265579223632812
0.7644000053405762,0.20742416381835938
0.764799952507019,0.19311904907226562
0.7651999592781067,0.18835067749023438
0.7655999660491943,0.21696090698242188
0.765999972820282,0.22649765014648438
0.7663999795913696,0.18835067749023438
0.7667999863624573,0.17881393432617188
0.7671999931335449,0.16927719116210938
0.7675999999046326,0.23126602172851562
0.7680000066757202,0.2598762512207031
0.7683999538421631,0.15974044799804688
0.7687999606132507,0.16450881958007812
0.7691999673843384,0.20742416381835938
0.769599974155426,0.16927719116210938
0.7699999809265137,0.22172927856445312
0.7703999876976013,0.2884864807128906
0.770799994468689,0.15974044799804688
0.7712000012397766,0.19788742065429688
0.7716000080108643,0.12636184692382812
0.7719999551773071,0.13113021850585938
0.7723999619483948,0.20265579223632812
0.7727999687194824,0.13113021850585938
0.7731999754905701,0.2551078796386719
0.7735999822616577,0.17404556274414062
0.7739999890327454,0.16927719116210938
0.774399995803833,0.16450881958007812
0.7748000025749207,0.18835067749023438
0.7752000093460083,0.1621246337890625
0.7755999565124512,0.11682510375976562
0.7759999632835388,0.17881393432617188
0.7763999700546265,0.12636184692382812
0.7767999768257141,0.20742416381835938
0.7771999835968018,0.059604644775390625
0.7775999903678894,0.20265579223632812
0.777999997138977,0.17881393432617188
0.7784000039100647,0.21696090698242188
0.7787999510765076,0.18358230590820312
0.7791999578475952,0.2646446228027344
0.7795999646186829,0.15020370483398438
0.7799999713897705,0.19788742065429688
0.7803999781608582,0.18358230590820312
0.7807999849319458,0.15497207641601562
0.7811999917030334,0.20265579223632812
0.7815999984741211,0.12159347534179688
0.7820000052452087,0.2694129943847656
0.7823999524116516,0.07867813110351562
0.7827999591827393,0.19311904907226562
0.7831999659538269,0.18358230590820312
0.7835999727249146,0.15497207641601562
0.7839999794960022,0.23603439331054688
0.7843999862670898,0.18358230590820312
0.7847999930381775,0.16927719116210938
0.7851999998092651,0.16927719116210938
0.7856000065803528,0.20265579223632812
0.7859999537467957,0.2503395080566406
0.7863999605178833,0.22649765014648438
0.786799967288971,0.22292137145996094
0.7871999740600586,0.20742416381835938
0.7875999808311462,0.20742416381835938
0.7879999876022339,0.17404556274414062
0.7883999943733215,0.19311904907226562
0.7888000011444092,0.23126602172851562
0.7892000079154968,0.14066696166992188
0.7895999550819397,0.09298324584960938
0.7899999618530273,0.16927719116210938
0.790399968624115,0.15497207641601562
0.7907999753952026,0.17881393432617188
0.7911999821662903,0.15974044799804688
0.7915999889373779,0.16927719116210938
0.7919999957084656,0.1609325408935547
0.7924000024795532,0.15974044799804688
0.7928000092506409,0.15497207641601562
0.7931999564170837,0.16450881958007812
0.7935999631881714,0.11205673217773438
0.793999969959259,0.18358230590820312
0.7943999767303467,0.23126602172851562
0.7947999835014343,0.21219253540039062
0.795199990272522,0.09775161743164062
0.7955999970436096,0.3075599670410156
0.7960000038146973,0.059604644775390625
0.7963999509811401,0.19788742065429688
0.7967999577522278,0.2551078796386719
0.7971999645233154,0.2932548522949219
0.7975999712944031,0.21696090698242188
0.7979999780654907,0.13113021850585938
0.7983999848365784,0.14543533325195312
0.798799991607666,0.11682510375976562
0.7991999983787537,0.10728836059570312
0.7996000051498413,0.21696090698242188
0.7999999523162842,0.24080276489257812
0.8003999590873718,0.19431114196777344
0.8007999658584595,0.15020370483398438
0.8011999726295471,0.16927719116210938
0.8015999794006348,0.15974044799804688
0.8019999861717224,0.17881393432617188
0.8023999929428101,0.23603439331054688
0.8027999997138977,0.21696090698242188
0.8032000064849854,0.15974044799804688
0.8035999536514282,0.23603439331054688
0.8039999604225159,0.06914138793945312
0.8043999671936035,0.13589859008789062
0.8047999739646912,0.15497207641601562
0.8051999807357788,0.20742416381835938
0.8055999875068665,0.13589859008789062
0.8059999942779541,0.18835067749023438
0.8064000010490417,0.14066696166992188
0.8068000078201294,0.24080276489257812
0.8071999549865723,0.17404556274414062
0.8075999617576599,0.21696090698242188
0.8079999685287476,0.18835067749023438
0.8083999752998352,0.19788742065429688
0.8087999820709229,0.16927719116210938
0.8091999888420105,0.15497207641601562
0.8095999956130981,0.13589859008789062
0.8100000023841858,0.2598762512207031
0.8104000091552734,0.16927719116210938
0.8107999563217163,0.2932548522949219
0.811199963092804,0.22172927856445312
0.8115999698638916,0.21696090698242188
0.8119999766349792,0.2014636993408203
0.8123999834060669,0.16450881958007812
0.8127999901771545,0.20265579223632812
0.8131999969482422,0.2646446228027344
0.8136000037193298,0.14066696166992188
0.8139999508857727,0.24557113647460938
0.8143999576568604,0.21696090698242188
0.814799964427948,0.18358230590820312
0.8151999711990356,0.20742416381835938
0.8155999779701233,0.24080276489257812
0.8159999847412109,0.17404556274414062
0.8163999915122986,0.20265579223632812
0.8167999982833862,0.15020370483398438
0.8172000050544739,0.15974044799804688
0.8175999522209167,0.11682510375976562
0.8179999589920044,0.18358230590820312
0.818399965763092,0.2598762512207031
0.8187999725341797,0.22172927856445312
0.8191999793052673,0.21219253540039062
0.819599986076355,0.2002716064453125
0.8199999928474426,0.20325183868408203
0.8203999996185303,0.19788742065429688
0.8208000063896179,0.20265579223632812
0.8211999535560608,0.20742416381835938
0.8215999603271484,0.15020370483398438
0.8219999670982361,0.10251998901367188
0.8223999738693237,0.23603439331054688
0.8227999806404114,0.15497207641601562
0.823199987411499,0.13113021850585938
0.8235999941825867,0.16450881958007812
0.8240000009536743,0.13113021850585938
0.824400007724762,0.10251998901367188
0.8247999548912048,0.11682510375976562
0.8251999616622925,0.21219253540039062
0.8255999684333801,0.23126602172851562
0.8259999752044678,0.14066696166992188
0.8263999819755554,0.21457672119140625
0.8267999887466431,0.2503395080566406
0.8271999955177307,0.23603439331054688
0.8276000022888184,0.18358230590820312
0.8279999494552612,0.19788742065429688
0.8283999562263489,0.21219253540039062
0.8287999629974365,0.20742416381835938
0.8291999697685242,0.3027915954589844
0.8295999765396118,0.21696090698242188
0.8299999833106995,0.2694129943847656
0.8303999900817871,0.21696090698242188
0.8307999968528748,0.12636184692382812
0.8312000036239624,0.19788742065429688
0.8315999507904053,0.24080276489257812
0.8319999575614929,0.19311904907226562
0.8323999643325806,0.15974044799804688
0.8327999711036682,0.18358230590820312
0.8331999778747559,0.2884864807128906
0.8335999846458435,0.11682510375976562
0.8339999914169312,0.2932548522949219
0.8343999981880188,0.15020370483398438
0.8348000049591064,0.14066696166992188
0.8351999521255493,0.15974044799804688
0.835599958896637,0.20265579223632812
0.8359999656677246,0.2551078796386719
0.8363999724388123,0.13589859008789062
0.8367999792098999,0.20742416381835938
0.8371999859809875,0.20742416381835938
0.8375999927520752,0.24080276489257812
0.8379999995231628,0.24557113647460938
0.8384000062942505,0.20265579223632812
0.8387999534606934,0.17404556274414062
0.839199960231781,0.1895427703857422
0.8395999670028687,0.18835067749023438
0.8399999737739563,0.19311904907226562
0.840399980545044,0.18358230590820312
0.8407999873161316,0.16450881958007812
0.8411999940872192,0.18835067749023438
0.8416000008583069,0.21219253540039062
0.8420000076293945,0.18835067749023438
0.8423999547958374,0.2551078796386719
0.842799961566925,0.12159347534179688
0.8431999683380127,0.06914138793945312
0.8435999751091003,0.21219253540039062
0.843999981880188,0.15497207641601562
0.8443999886512756,0.11205673217773438
0.8447999954223633,0.18358230590820312
0.8452000021934509,0.16450881958007812
0.8455999493598938,0.11205673217773438
0.8459999561309814,0.16927719116210938
0.8463999629020691,0.22649765014648438
0.8467999696731567,0.23126602172851562
0.8471999764442444,0.17881393432617188
0.847599983215332,0.22172927856445312
0.8479999899864197,0.09775161743164062
0.8483999967575073,0.17404556274414062
0.848800003528595,0.09298324584960938
0.8491999506950378,0.14066696166992188
0.8495999574661255,0.15497207641601562
0.8499999642372131,0.16450881958007812
0.8503999710083008,0.15854835510253906
0.8507999777793884,0.15020370483398438
0.8511999845504761,0.16450881958007812
0.8515999913215637,0.17881393432617188
0.8519999980926514,0.23126602172851562
0.852400004863739,0.14543533325195312
0.8527999520301819,0.20265579223632812
0.8531999588012695,0.11682510375976562
0.8535999655723572,0.15497207641601562
0.8539999723434448,0.19311904907226562
0.8543999791145325,0.24557113647460938
0.8547999858856201,0.23603439331054688
0.8551999926567078,0.2503395080566406
0.8555999994277954,0.22649765014648438
0.8560000061988831,0.17881393432617188
0.8563999533653259,0.13589859008789062
0.8567999601364136,0.19311904907226562
0.8571999669075012,0.17881393432617188
0.8575999736785889,0.14066696166992188
0.8579999804496765,0.2551078796386719
0.8583999872207642,0.20265579223632812
0.8587999939918518,0.18835067749023438
0.8592000007629395,0.19311904907226562
0.8596000075340271,0.19311904907226562
0.85999995470047,0.21696090698242188
0.8603999614715576,0.23126602172851562
0.8607999682426453,0.2503395080566406
0.8611999750137329,0.2598762512207031
0.8615999817848206,0.16927719116210938
0.8619999885559082,0.14543533325195312
0.8623999953269958,0.24557113647460938
0.8628000020980835,0.22649765014648438
0.8631999492645264,0.15497207641601562
0.863599956035614,0.24080276489257812
0.8639999628067017,0.08821487426757812
0.8643999695777893,0.15497207641601562
0.864799976348877,0.22172927856445312
0.8651999831199646,0.13113021850585938
0.8655999898910522,0.17881393432617188
0.8659999966621399,0.15020370483398438
0.8664000034332275,0.10728836059570312
0.8667999505996704,0.18358230590820312
0.8671999573707581,0.13589859008789062
0.8675999641418457,0.19788742065429688
0.8679999709129333,0.17404556274414062
0.868399977684021,0.22172927856445312
0.8687999844551086,0.2694129943847656
0.8691999912261963,0.21219253540039062
0.8695999979972839,0.15020370483398438
0.8700000047683716,0.18358230590820312
0.8703999519348145,0.21219253540039062
0.8707999587059021,0.22649765014648438
0.8711999654769897,0.19550323486328125
0.8715999722480774,0.17404556274414062
0.871999979019165,0.16927719116210938
0.8723999857902527,0.14543533325195312
0.8727999925613403,0.13113021850585938
0.873199999332428,0.11205673217773438
0.8736000061035156,0.12636184692382812
0.8739999532699585,0.18835067749023438
0.8743999600410461,0.18358230590820312
0.8747999668121338,0.1633167266845703
0.8751999735832214,0.12159347534179688
0.8755999803543091,0.15974044799804688
0.8759999871253967,0.19311904907226562
0.8763999938964844,0.2932548522949219
0.876800000667572,0.21219253540039062
0.8772000074386597,0.14066696166992188
0.8775999546051025,0.21696090698242188
0.8779999613761902,0.19311904907226562
0.8783999681472778,0.15497207641601562
0.8787999749183655,0.14066696166992188
0.8791999816894531,0.16570091247558594
0.8795999884605408,0.17404556274414062
0.8799999952316284,0.19311904907226562
0.8804000020027161,0.12636184692382812
0.8807999491691589,0.17762184143066406
0.8811999559402466,0.19788742065429688
0.8815999627113342,0.19311904907226562
0.8819999694824219,0.23603439331054688
0.8823999762535095,0.20742416381835938
0.8827999830245972,0.23603439331054688
0.8831999897956848,0.18358230590820312
0.8835999965667725,0.2598762512207031
0.8840000033378601,0.18358230590820312
0.884399950504303,0.15497207641601562
0.8847999572753906,0.14543533325195312
0.8851999640464783,0.17404556274414062
0.8855999708175659,0.19788742065429688
0.8859999775886536,0.20742416381835938
0.8863999843597412,0.2598762512207031
0.8867999911308289,0.17404556274414062
0.8871999979019165,0.23126602172851562
0.8876000046730042,0.18358230590820312
0.887999951839447,0.20265579223632812
0.8883999586105347,0.12159347534179688
0.8887999653816223,0.14543533325195312
0.88919997215271,0.15854835510253906
0.8895999789237976,0.17404556274414062
0.8899999856948853,0.19311904907226562
0.8903999924659729,0.21219253540039062
0.8907999992370605,0.19788742065429688
0.8912000060081482,0.14543533325195312
0.8915999531745911,0.20265579223632812
0.8919999599456787,0.08821487426757812
0.8923999667167664,0.12636184692382812
0.892799973487854,0.16450881958007812
0.8931999802589417,0.11205673217773438
0.8935999870300293,0.15974044799804688
0.8939999938011169,0.2646446228027344
0.8944000005722046,0.15497207641601562
0.8947999477386475,0.19788742065429688
0.8951999545097351,0.13589859008789062
0.8955999612808228,0.11205673217773438
0.8959999680519104,0.20265579223632812
0.896399974822998,0.24080276489257812
0.8967999815940857,0.15497207641601562
0.8971999883651733,0.13113021850585938
0.897599995136261,0.20265579223632812
0.8980000019073486,0.21696090698242188
0.8983999490737915,0.24557113647460938
0.8987999558448792,0.21219253540039062
0.8991999626159668,0.17404556274414062
0.8995999693870544,0.14543533325195312
0.8999999761581421,0.11682510375976562
0.9003999829292297,0.14066696166992188
0.9007999897003174,0.17404556274414062
0.901199996471405,0.15974044799804688
0.9016000032424927,0.2551078796386719
0.9019999504089355,0.20742416381835938
0.9023999571800232,0.15020370483398438
0.9027999639511108,0.2789497375488281
0.9031999707221985,0.17881393432617188
0.9035999774932861,0.13113021850585938
0.9039999842643738,0.13113021850585938
0.9043999910354614,0.21696090698242188
0.9047999978065491,0.16927719116210938
0.9052000045776367,0.20742416381835938
0.9055999517440796,0.20742416381835938
0.9059999585151672,0.19311904907226562
0.9063999652862549,0.13589859008789062
0.9067999720573425,0.24080276489257812
0.9071999788284302,0.19788742065429688
0.9075999855995178,0.14543533325195312
0.9079999923706055,0.16927719116210938
0.9083999991416931,0.08821487426757812
0.9088000059127808,0.15020370483398438
0.9091999530792236,0.18835067749023438
0.9095999598503113,0.16450881958007812
0.9099999666213989,0.18835067749023438
0.9103999733924866,0.13113021850585938
0.9107999801635742,0.12159347534179688
0.9111999869346619,0.12159347534179688
0.9115999937057495,0.14066696166992188
0.9120000004768372,0.16927719116210938
0.91239994764328,0.15497207641601562
0.9127999544143677,0.1621246337890625
0.9131999611854553,0.16927719116210938
0.913599967956543,0.15497207641601562
0.9139999747276306,0.16927719116210938
0.9143999814987183,0.23603439331054688
0.9147999882698059,0.19788742065429688
0.9151999950408936,0.2837181091308594
0.9156000018119812,0.23603439331054688
0.9159999489784241,0.20265579223632812
0.9163999557495117,0.19311904907226562
0.9167999625205994,0.16450881958007812
0.917199969291687,0.16927719116210938
0.9175999760627747,0.20265579223632812
0.9179999828338623,0.11682510375976562
0.91839998960495,0.15497207641601562
0.9187999963760376,0.20742416381835938
0.9192000031471252,0.24557113647460938
0.9195999503135681,0.21457672119140625
0.9199999570846558,0.21219253540039062
0.9203999638557434,0.19311904907226562
0.920799970626831,0.19788742065429688
0.9211999773979187,0.15497207641601562
0.9215999841690063,0.19311904907226562
0.921999990940094,0.22172927856445312
0.9223999977111816,0.21696090698242188
0.9228000044822693,0.14066696166992188
0.9231999516487122,0.18835067749023438
0.9235999584197998,0.15497207641601562
0.9239999651908875,0.15616416931152344
0.9243999719619751,0.12636184692382812
0.9247999787330627,0.15497207641601562
0.9251999855041504,0.2646446228027344
0.925599992275238,0.24557113647460938
0.9259999990463257,0.20742416381835938
0.9264000058174133,0.12636184692382812
0.9267999529838562,0.14543533325195312
0.9271999597549438,0.1513957977294922
0.9275999665260315,0.15497207641601562
0.9279999732971191,0.17881393432617188
0.9283999800682068,0.16927719116210938
0.9287999868392944,0.1633167266845703
0.9291999936103821,0.15497207641601562
0.9296000003814697,0.15020370483398438
0.9299999475479126,0.12636184692382812
0.9303999543190002,0.14662742614746094
0.9307999610900879,0.17404556274414062
0.9311999678611755,0.13589859008789062
0.9315999746322632,0.10251998901367188
0.9319999814033508,0.14543533325195312
0.9323999881744385,0.20265579223632812
0.9327999949455261,0.13589859008789062
0.9332000017166138,0.15497207641601562
0.9335999488830566,0.15974044799804688
0.9339999556541443,0.17762184143066406
0.9343999624252319,0.22172927856445312
0.9347999691963196,0.17404556274414062
0.9351999759674072,0.13589859008789062
0.9355999827384949,0.09298324584960938
0.9359999895095825,0.19311904907226562
0.9363999962806702,0.23126602172851562
0.9368000030517578,0.16450881958007812
0.9371999502182007,0.20265579223632812
0.9375999569892883,0.21219253540039062
0.937999963760376,0.21338462829589844
0.9383999705314636,0.22172927856445312
0.9387999773025513,0.21696090698242188
0.9391999840736389,0.18715858459472656
0.9395999908447266,0.15974044799804688
0.9399999976158142,0.15020370483398438
0.9404000043869019,0.15020370483398438
0.9407999515533447,0.17881393432617188
0.9411999583244324,0.19788742065429688
0.94159996509552,0.16689300537109375
0.9419999718666077,0.16450881958007812
0.9423999786376953,0.12636184692382812
0.942799985408783,0.17881393432617188
0.9431999921798706,0.22649765014648438
0.9435999989509583,0.20265579223632812
0.9440000057220459,0.21219253540039062
0.9443999528884888,0.14543533325195312
0.9447999596595764,0.19311904907226562
0.9451999664306641,0.16450881958007812
0.9455999732017517,0.18358230590820312
0.9459999799728394,0.17881393432617188
0.946399986743927,0.09775161743164062
0.9467999935150146,0.16450881958007812
0.9472000002861023,0.07867813110351562
0.9475999474525452,0.17881393432617188
0.9479999542236328,0.10251998901367188
0.9483999609947205,0.19788742065429688
0.9487999677658081,0.14543533325195312
0.9491999745368958,0.21696090698242188
0.9495999813079834,0.17404556274414062
0.949999988079071,0.15020370483398438
0.9503999948501587,0.16927719116210938
0.9508000016212463,0.13589859008789062
0.9511999487876892,0.1442432403564453
0.9515999555587769,0.13589859008789062
0.9519999623298645,0.13589859008789062
0.9523999691009521,0.2694129943847656
0.9527999758720398,0.15974044799804688
0.9531999826431274,0.23126602172851562
0.9535999894142151,0.22649765014648438
0.9539999961853027,0.13113021850585938
0.9544000029563904,0.18835067749023438
0.9547999501228333,0.10251998901367188
0.9551999568939209,0.18835067749023438
0.9555999636650085,0.24080276489257812
0.9559999704360962,0.2503395080566406
0.9563999772071838,0.16450881958007812
0.9567999839782715,0.15974044799804688
0.9571999907493591,0.19788742065429688
0.9575999975204468,0.11682510375976562
0.9580000042915344,0.19311904907226562
0.9583999514579773,0.14543533325195312
0.9587999582290649,0.14066696166992188
0.9591999650001526,0.1728534698486328
0.9595999717712402,0.18835067749023438
0.9599999785423279,0.21696090698242188
0.9603999853134155,0.17404556274414062
0.9607999920845032,0.22172927856445312
0.9611999988555908,0.23603439331054688
0.9615999460220337,0.15974044799804688
0.9619999527931213,0.09298324584960938
0.962399959564209,0.17404556274414062
0.9627999663352966,0.09298324584960938
0.9631999731063843,0.15974044799804688
0.9635999798774719,0.24080276489257812
0.9639999866485596,0.2551078796386719
0.9643999934196472,0.09298324584960938
0.9648000001907349,0.19788742065429688
0.9651999473571777,0.13113021850585938
0.9655999541282654,0.19311904907226562
0.965999960899353,0.15974044799804688
0.9663999676704407,0.20265579223632812
0.9667999744415283,0.2837181091308594
0.967199981212616,0.24557113647460938
0.9675999879837036,0.20265579223632812
0.9679999947547913,0.22649765014648438
0.9684000015258789,0.16927719116210938
0.9687999486923218,0.15497207641601562
0.9691999554634094,0.12636184692382812
0.9695999622344971,0.21696090698242188
0.9699999690055847,0.16927719116210938
0.9703999757766724,0.20265579223632812
0.97079998254776,0.20265579223632812
0.9711999893188477,0.20623207092285156
0.9715999960899353,0.21219253540039062
0.972000002861023,0.20742416381835938
0.9723999500274658,0.1800060272216797
0.9727999567985535,0.14543533325195312
0.9731999635696411,0.15497207641601562
0.9735999703407288,0.16927719116210938
0.9739999771118164,0.15497207641601562
0.974399983882904,0.20265579223632812
0.9747999906539917,0.14543533325195312
0.9751999974250793,0.24557113647460938
0.975600004196167,0.2694129943847656
0.9759999513626099,0.17881393432617188
0.9763999581336975,0.15020370483398438
0.9767999649047852,0.08344650268554688
0.9771999716758728,0.17881393432617188
0.9775999784469604,0.14066696166992188
0.9779999852180481,0.17404556274414062
0.9783999919891357,0.21219253540039062
0.9787999987602234,0.17881393432617188
0.9791999459266663,0.19311904907226562
0.9795999526977539,0.15020370483398438
0.9799999594688416,0.1811981201171875
0.9803999662399292,0.20265579223632812
0.9807999730110168,0.17881393432617188
0.9811999797821045,0.19788742065429688
0.9815999865531921,0.15974044799804688
0.9819999933242798,0.2646446228027344
0.9824000000953674,0.21219253540039062
0.9827999472618103,0.15974044799804688
0.983199954032898,0.16450881958007812
0.9835999608039856,0.16927719116210938
0.9839999675750732,0.14781951904296875
0.9843999743461609,0.12636184692382812
0.9847999811172485,0.13113021850585938
0.9851999878883362,0.12755393981933594
0.9855999946594238,0.13589859008789062
0.9860000014305115,0.11682510375976562
0.9863999485969543,0.12636184692382812
0.986799955368042,0.1430511474609375
0.9871999621391296,0.15020370483398438
0.9875999689102173,0.17881393432617188
0.9879999756813049,0.18358230590820312
0.9883999824523926,0.20265579223632812
0.9887999892234802,0.22649765014648438
0.9891999959945679,0.17881393432617188
0.9896000027656555,0.14066696166992188
0.9899999499320984,0.14543533325195312
0.990399956703186,0.22649765014648438
0.9907999634742737,0.13113021850585938
0.9911999702453613,0.19788742065429688
0.991599977016449,0.13589859008789062
0.9919999837875366,0.16927719116210938
0.9923999905586243,0.12636184692382812
0.9927999973297119,0.14066696166992188
0.9932000041007996,0.16450881958007812
0.9935999512672424,0.17881393432617188
0.9939999580383301,0.2598762512207031
0.9943999648094177,0.20742416381835938
0.9947999715805054,0.15497207641601562
0.995199978351593,0.16927719116210938
0.9955999851226807,0.16927719116210938
0.9959999918937683,0.17404556274414062
0.996399998664856,0.16927719116210938
0.9967999458312988,0.18835067749023438
0.9971999526023865,0.17881393432617188
0.9975999593734741,0.17404556274414062
0.9979999661445618,0.21696090698242188
0.9983999729156494,0.2646446228027344
0.9987999796867371,0.19788742065429688
0.9991999864578247,0.2694129943847656
0.9995999932289124,0.20265579223632812
1,0.18835067749023438
